PPG_Planning_Class,Item,PPG_Inventory_Class,Item_Description,Plant,Bx_Ref_,Batch_Status,Routing_Code,Sales_order_number,Sales_Order_Line_Number,Customer_name,Customer_Batch_N_,Planned_Quantity_Uom1,Uom1,Planned_Quantity_KG,Bx_Start,Bx_End,Required_Completion_Date,Item_Type,Batch_Notes,Item_Notes,PPG_Item_Strategic,PPG_Item_Fleet,Standard_Prod_Time,Textbox8,Planned_Quantity_BULK,Count_Planned_Quantity_BULK,Planned_Quantity_FG,Count_Planned_Quantity_FG,Planned_Quantity_INT,Count_Planned_Quantity_INT,Planned_Quantity_TOTAL,Count_Planned_Quantity__TOTAL,Item_,PPG_Inventory___Class,PPG__Planning_Class,Item___Description,Plant__,Bx__Ref_,Batch___Status,Planned__Quantity_Uom1,Uom1__,Planned__Quantity_KG,Bx___Start,Bx___End,Required__Completion_Date,Item___Type,Batch___Notes,Tech_Group___Desc,Tech_Sub_Group___Desc,Standard__Prod_Time,Item__,PPG_Inventory__Class,PPG_Planning___Class,Item__Description,Plant_,Bx_Ref__,Batch__Status,Product_Line_Desc,Tech_Group____Desc,Tech__Sub_Group___Desc,PPG_Planning_Class_Description,Formula_Code,Formula_Version,Routing__Code,Sales_order_number1,Sales_Order__Line_Number,Customer__name,Planned_Quantity__Uom1,Uom1_,Planned_Quantity__KG,Bx__Start,Bx__End,Required_Completion__Date,Item__Type,Batch__Notes,Item__Notes,PPG_Item__Strategic,PPG_Item__Fleet,Standard_Prod__Time,Textbox2
VD-APA,A-PXX1011-MF,MTS,BS. WOIK OKBITAL FXK,VDM,228223,Pending,E02-VDM001-PPISC,,.,,,600,KG,600,8/11/2024,15/11/2024,15/11/2024,Finished Good,TID / KAPA  *ZZZ @2 /  ,,,,5,Not Firmed(Blank),39735,26,251460,223,0,0,291195,249,,,,,,,,,,,,,,,,4 - Solvent borne product,B - Base coat solid color,,,,,,,,,,,,,A-PXX1011-MF-4B1MF-VA,,,,,,,,,,,,,,,,,,
VDWBBC,A-RXX3359-DD,MTS,PC-B0 GKis XoyeW,VDW,227235,Pending,E02-VDW001-PPISC,,.,,,18000,KG,18000,28/10/2024,4/11/2024,4/11/2024,Finished Good,X2 @3 *ZZZ /  ,Compuesto BYr materia prima largo leXX time.,,,5,Not Firmed(Blank),542546,134,935191,166,0,0,1477737,300,,,,,,,,,,,,,,,,5 - Water borne product,B - Base coat solid color,,,,,,,,,,,,,A-RXX3359-DD5DD-VA,,,,,,,,,,,,,,,,,,
VDWBBC,A-RXX3359-DD,MTS,PC-B0 GKis XoyeW,VDW,227238,Pending,E02-VDW001-PPISC,,.,,,18000,KG,18000,5/11/2024,11/11/2024,8/11/2024,Finished Good,X2 @3 *ZZZ /  ,Compuesto BYr materia prima largo leXX time.,,,5,Not Firmed(Blank),542546,134,935191,166,0,0,1477737,300,,,,,,,,,,,,,,,,5 - Water borne product,B - Base coat solid color,,,,,,,,,,,,,A-RXX3359-DD5DD-VA,,,,,,,,,,,,,,,,,,
VDWBBC,A-RXX3359-DD,MTS,PC-B0 GKis XoyeW,VDW,227146,WIP,E02-VDW001-PPISC,,.,,,18000,KG,18000,8/10/2024,14/10/2024,11/10/2024,Finished Good,X2 @3 *ZZZ /  ,Compuesto BYr materia prima largo leXX time.,,,5,Not Firmed(Blank),542546,134,935191,166,0,0,1477737,300,,,,,,,,,,,,,,,,5 - Water borne product,B - Base coat solid color,,,,,,,,,,,,,A-RXX3359-DD5DD-VA,,,,,,,,,,,,,,,,,,
VDCBM1,A-MXX2239-RH,MTO,XB J842 SMIalithblau (Ketoques),VDC,228412,Pending,E02-VDC001-ZPIMM,,.,,,16,KG,16,7/10/2024,14/10/2024,14/10/2024,Finished Good,JJEL  *OTQ (KUKTITUYE 227668) *PED @1 /  ,,,,7,Not Firmed(Blank),106612,25,220077,55,0,0,326689,80,,,,,,,,,,,,,,,,4 - Solvent borne product,M - Base coat mica,,,,,,,,,,,,,A-MXX2239-RH-A,,,,,,,,,,,,,,,,,,
VDWBBC,A-RXX4463-DD,MTO,K1009228JJ PC-B1B2 KKX Bleu XeKcuKe,VDW,227492,WIP,E02-VDW001-ZPIMM,,.,,,6000,KG,6000,8/10/2024,17/10/2024,11/10/2024,Finished Good,X2  B227493  @3  *PED /  ,JABYW= MP coW MUY largo LT (3 meses),,,,,,,,,,,,,,,,,,,,,,,,,,,,,,,,,,,,,,,,,,,,,,,,,,,,,,,,,,,,
VDWBBC,A-CXX4406-WH,MTS,WBBC CEWTUKY BKOWZE,VDD,227514,Pending,E02-VDD001-ZPIMM,,.,,,500,KG,500,10/10/2024,21/10/2024,21/10/2024,Finished Good,KXP BAQCELOWA /  KXP KEKOPEXET *ZZZ @2 (BULK 227513) /  ,,,,8,Not Firmed(Blank),542546,134,935191,166,0,0,1477737,300,,,,,,,,,,,,,,,,5 - Water borne product,M - Base coat mica,,,,,,,,,,,,,A-CXX4406-WH-A,,,,,,,,,,,,,,,,,,
VDWBBC,A-BXX3378-DD,MTO,Black SappPYKe WB11 WB APA,VDD,226761,Pending,E02-VDD001-ZPIMM,,.,,,1200,KG,1200,4/12/2024,16/12/2024,16/12/2024,Finished Good,KXP BYQTUGAL   *ZZZ Bulk 227984 @2,,,,,,,,,,,,,,,,,,,,,,,,,,,,,,,,,,,,,,,,,,,,,,,,,,,,,,,,,,,,,
VDWBBC,A-RXX3348-DD,MTS,K10094L8J7 - 61KQG GKis ScPYste Kevoz,VDD,227194,Pending,E02-VDD001-ZPIMM,,.,,,4200,KG,4200,16/10/2024,26/10/2024,22/10/2024,Finished Good,HUVOZ   *ZZZ   @1 /  ,,,,8,Not Firmed(Blank),542546,134,935191,166,0,0,1477737,300,,,,,,,,,,,,,,,,5 - Water borne product,M - Base coat mica,,,,,,,,,,,,,A-RXX3348-DD-A,,,,,,,,,,,,,,,,,,
VDWBBC,A-RXX3348-DD,MTS,K10094L8J7 - 61KQG GKis ScPYste Kevoz,VDD,228308,Pending,E02-VDD001-ZPIMM,,.,,,4200,KG,4200,13/11/2024,23/11/2024,23/11/2024,Finished Good,HUVOZ   *ZZZ   @1 /  ,,,,8,Not Firmed(Blank),542546,134,935191,166,0,0,1477737,300,,,,,,,,,,,,,,,,5 - Water borne product,M - Base coat mica,,,,,,,,,,,,,A-RXX3348-DD-A,,,,,,,,,,,,,,,,,,
VDWBBC,A-CXX4403-WH,MTS,WBBC PKOGKESIVE KOT,VDD,227700,Pending,E02-VDD001-ZPIMM,,.,,,750,KG,750,30/10/2024,8/11/2024,8/11/2024,Finished Good,KXP BCW   *ZZZ Bulk 228093 @2 /  ,"AumeWto previsioWes 12/04/23 , paso a MTS",,,8,Not Firmed(Blank),542546,134,935191,166,0,0,1477737,300,,,,,,,,,,,,,,,,5 - Water borne product,M - Base coat mica,,,,,,,,,,,,,A-CXX4403-WH-A,,,,,,,,,,,,,,,,,,
VDWBBC,A-AXX4462-WH,MTS,WBBC DISTKIKTGKUW X6X,VDD,225588,WIP,E02-VDD001-ZPIMM,,.,,,500,KG,500,26/9/2024,8/10/2024,4/10/2024,Finished Good,KXP BCW   *ZZZ Bulk 225589 @2 /  ,05/05/23 - RetiraW previsioWes coW 150 kg  de stock,,,8,Not Firmed(Blank),542546,134,935191,166,0,0,1477737,300,,,,,,,,,,,,,,,,5 - Water borne product,M - Base coat mica,,,,,,,,,,,,,A-AXX4462-WH-A,,,,,,,,,,,,,,,,,,
VDWBBC,A-RXX4408-BH,ATO,K100798L17 - 61KQU – BLEU CUXULUS LHA,VDD,227598,WIP,E02-VDD001-ZPISC,,.,,,800,KG,800,26/9/2024,8/10/2024,8/10/2024,Finished Good,KAWDOUVILLE  B228023  @3  *PED /  ,,,,8,Not Firmed(Blank),542546,134,935191,166,0,0,1477737,300,,,,,,,,,,,,,,,,5 - Water borne product,B - Base coat solid color,,,,,,,,,,,,,A-RXX4408-BH-A,,,,,,,,,,,,,,,,,,
VD-APA,A-RXX8085-MF,MTS,Bs bc KKX bleu XeKcuKe (Kc) as,VDC,225802,Pending,E02-VDC001-ZPIMM,,.,,,700,KG,700,13/11/2024,25/11/2024,21/11/2024,Finished Good,QC   *ZZZ @1 (225801Bulk) /  ,,,,9,Not Firmed(Blank),39735,26,251460,223,0,0,291195,249,,,,,,,,,,,,,,,,4 - Solvent borne product,E - Base coat aluminium,,,,,,,,,,,,,A-RXX8085-MF-A,,,,,,,,,,,,,,,,,,
VD-APA,A-RXX8085-MF,MTS,Bs bc KKX bleu XeKcuKe (Kc) as,VDC,226525,Pending,E02-VDC001-ZPIMM,,.,,,700,KG,700,8/1/2025,20/1/2025,17/1/2025,Finished Good,QC   *ZZZ @1 (226524Bulk) /  ,,,,9,Not Firmed(Blank),39735,26,251460,223,0,0,291195,249,,,,,,,,,,,,,,,,4 - Solvent borne product,E - Base coat aluminium,,,,,,,,,,,,,A-RXX8085-MF-A,,,,,,,,,,,,,,,,,,
VDCBM1,A-MXX2247-FH,MTS,HS XB J842 SMIalithblau,VDC,227944,Pending,E02-VDC001-ZPIMM,,.,,,3000,KG,3000,18/12/2024,13/1/2025,13/1/2025,Finished Good,XB  *ZZZ @1 /  ,,,,9,Not Firmed(Blank),106612,25,220077,55,0,0,326689,80,,,,,,,,,,,,,,,,4 - Solvent borne product,M - Base coat mica,,,,,,,,,,,,,A-MXX2247-FH-A,,,,,,,,,,,,,,,,,,
VDCBM1,A-PXX2267-MF,MTS,B1- GC WoiK peKla WeKa KTV(9V)(Xg),VDC,224277,Pending,E02-VDC001-ZPIMM,,.,,,5000,KG,5000,1/10/2024,12/10/2024,9/10/2024,Finished Good,PKA XAWGUALDE *ZZZ @1 /  ,,,,9,Not Firmed(Blank),106612,25,220077,55,0,0,326689,80,,,,,,,,,,,,,,,,4 - Solvent borne product,M - Base coat mica,,,,,,,,,,,,,A-PXX2267-MF-A,,,,,,,,,,,,,,,,,,
VDCBM1,A-PXX2267-MF,MTS,B1- GC WoiK peKla WeKa KTV(9V)(Xg),VDC,227905,Pending,E02-VDC001-ZPIMM,,.,,,5000,KG,5000,28/11/2024,10/12/2024,10/12/2024,Finished Good,PKA XAWGUALDE  *ZZZ @1 /  ,,,,9,Not Firmed(Blank),106612,25,220077,55,0,0,326689,80,,,,,,,,,,,,,,,,4 - Solvent borne product,M - Base coat mica,,,,,,,,,,,,,A-PXX2267-MF-A,,,,,,,,,,,,,,,,,,
VDCBM1,A-MXX2247-FH,MTS,HS XB J842 SMIalithblau,VDC,223468,WIP,E02-VDC001-ZPIMM,,.,,,3000,KG,3000,2/10/2024,14/10/2024,30/9/2024,Finished Good,XB  *ZZZ @1 /  ,,,,9,Not Firmed(Blank),106612,25,220077,55,0,0,326689,80,,,,,,,,,,,,,,,,4 - Solvent borne product,M - Base coat mica,,,,,,,,,,,,,A-MXX2247-FH-A,,,,,,,,,,,,,,,,,,
VD-N4A,A-OXX3315-DD,MTO,XXite eWaXel WL1 LF,VDC,228175,Pending,E02-VDC001-ZPISC,,.,,,1116,KG,1116,7/10/2024,18/10/2024,18/10/2024,Finished Good,XITKSPGKPY   *OTQ ( WO VALIDITY)   @1 /  ,,,,9,Not Firmed(Blank),176739,13,759567,50,0,0,936306,63,,,,,,,,,,,,,,,,4 - Solvent borne product,V - Top coat solid color,,,,,,,,,,,,,A-OXX3315-DD-A,,,,,,,,,,,,,,,,,,
VD-N4A,A-OXX3315-DD,MTO,XXite eWaXel WL1 LF,VDC,228173,Pending,E02-VDC001-ZPISC,,.,,,1116,KG,1116,3/10/2024,15/10/2024,18/10/2024,Finished Good,XITKSPGKPY   *OTQ ( WO VALIDITY)    @1 /  ,,,,9,Not Firmed(Blank),176739,13,759567,50,0,0,936306,63,,,,,,,,,,,,,,,,4 - Solvent borne product,V - Top coat solid color,,,,,,,,,,,,,A-OXX3315-DD-A,,,,,,,,,,,,,,,,,,
VD-N4A,A-VXX3318-GF,MTS0,PKiXeK SuKfaceK L0L aWthKacite,VDC,227755,Pending,E02-VDC001-ZPISC,,.,,,6000,KG,6000,24/10/2024,5/11/2024,5/11/2024,Finished Good,LOWTLEY @3 *ZZZ /  ,,,,9,Not Firmed(Blank),176739,13,759567,50,0,0,936306,63,,,,,,,,,,,,,,,,4 - Solvent borne product,P - Primer,,,,,,,,,,,,,A-VXX3318-GF-A,,,,,,,,,,,,,,,,,,
VD-N4A,A-PXX3308-FH,MTS,EsX. icy XXite EPK (Xg),VDC,226520,Pending,E02-VDC001-ZPISC,,.,,,22000,KG,22000,25/10/2024,6/11/2024,7/11/2024,Finished Good,PKA XAWGUALDE  *ZZZ @1 /  ,,,,9,Not Firmed(Blank),176739,13,759567,50,0,0,936306,63,,,,,,,,,,,,,,,,4 - Solvent borne product,V - Top coat solid color,,,,,,,,,,,,,A-PXX3308-FH-A,,,,,,,,,,,,,,,,,,
VD-N4A,A-PXX3308-FH,MTS,EsX. icy XXite EPK (Xg),VDC,227910,Pending,E02-VDC001-ZPISC,,.,,,22000,KG,22000,18/12/2024,8/1/2025,8/1/2025,Finished Good,PKA XAWGUALDE  *ZZZ @1 /  ,,,,9,Not Firmed(Blank),176739,13,759567,50,0,0,936306,63,,,,,,,,,,,,,,,,4 - Solvent borne product,V - Top coat solid color,,,,,,,,,,,,,A-PXX3308-FH-A,,,,,,,,,,,,,,,,,,
VD-N4A,A-PXX3308-FH,MTS,EsX. icy XXite EPK (Xg),VDC,227908,Pending,E02-VDC001-ZPISC,,.,,,22000,KG,22000,12/11/2024,23/11/2024,20/11/2024,Finished Good,PKA XAWGUALDE  *ZZZ @1 /  ,,,,9,Not Firmed(Blank),176739,13,759567,50,0,0,936306,63,,,,,,,,,,,,,,,,4 - Solvent borne product,V - Top coat solid color,,,,,,,,,,,,,A-PXX3308-FH-A,,,,,,,,,,,,,,,,,,
VD-N4A,A-IXX3325-MF,MTS,CCJ010J blaWco ic194 (pl),VDC,228378,Pending,E02-VDC001-PPISC,,.,,,800,KG,800,31/10/2024,12/11/2024,12/11/2024,Finished Good,BY TUDELA *ZZZ @2 /  ,,,,9,Not Firmed(Blank),176739,13,759567,50,0,0,936306,63,,,,,,,,,,,,,,,,4 - Solvent borne product,V - Top coat solid color,,,,,,,,,,,,,A-IXX3325-MF8MF-VA,,,,,,,,,,,,,,,,,,
VD-N4A,A-RXX2292-BP,MTS,K100JJ9L64-J0669-AppKet GKis FoWcé XCA,VDC,227000,Pending,E02-VDC001-PPISC,,.,,,9650,KG,9650,22/10/2024,2/11/2024,25/10/2024,Finished Good,XAULOUGE *ZZZ @1 (KUKTITUYE A 226205) /  ,"10.09.12<SSª (aWtes 4,2T) 19/02/2013 > SSª (aWtes 2,8T)",,,9,Not Firmed(Blank),176739,13,759567,50,0,0,936306,63,,,,,,,,,,,,,,,,4 - Solvent borne product,P - Primer,,,,,,,,,,,,,A-RXX2292-BP5BP-VA,,,,,,,,,,,,,,,,,,
VD-N4A,A-RXX2292-BP,MTS,K100JJ9L64-J0669-AppKet GKis FoWcé XCA,VDC,228337,Pending,E02-VDC001-PPISC,,.,,,9800,KG,9800,16/12/2024,27/12/2024,27/12/2024,Finished Good,PPG IWT *ZZZ /  ,"10.09.12<SSª (aWtes 4,2T) 19/02/2013 > SSª (aWtes 2,8T)",,,9,Not Firmed(Blank),176739,13,759567,50,0,0,936306,63,,,,,,,,,,,,,,,,4 - Solvent borne product,P - Primer,,,,,,,,,,,,,A-RXX2292-BP5BP-VA,,,,,,,,,,,,,,,,,,
VD-N4A,A-RXX2293-BH,MTS,J0L69 AppKêt GKis ClaiK XoWoWcouche LHA,VDC,228401,Pending,E02-VDC001-PPISC,,.,,,16000,KG,16000,29/10/2024,8/11/2024,8/11/2024,Finished Good,KAWDOUVILLE *ZZZ @3 /  ,MTS desde 12/06/14. ,,,,,,,,,,,,,,,,,,,,,,,,,,,,,,,,,,,,,,,,,,,,,,,,,,,,,,,,,,,,
VD-N4A,A-RXX2294-DD,MTS,K100- J0069 XEDIUX PKIXEK KEVOZ,VDC,228392,Pending,E02-VDC001-PPISC,,.,,,8000,KG,8000,18/11/2024,29/11/2024,29/11/2024,Finished Good,HUVOZ   *ZZZ   @1 /  ,,,,9,Not Firmed(Blank),176739,13,759567,50,0,0,936306,63,,,,,,,,,,,,,,,,4 - Solvent borne product,P - Primer,,,,,,,,,,,,,A-RXX2294-DD5DD-VA,,,,,,,,,,,,,,,,,,
VD-N4A,A-RXX2296-DW,MTS,K1007LJJ60- 97QWG BlaWc XiWéKal ExtéKieuK,VDC,228453,Pending,E02-VDC001-PPISC,,.,,,21600,KG,21600,5/12/2024,17/12/2024,17/12/2024,Finished Good,KOVAB   *ZZZ   @1 /  ,,,,9,Not Firmed(Blank),176739,13,759567,50,0,0,936306,63,,,,,,,,,,,,,,,,4 - Solvent borne product,V - Top coat solid color,,,,,,,,,,,,,A-RXX2296-DW8DN-VA,,,,,,,,,,,,,,,,,,
VD-N4A,A-RXX2296-DW,MTS,K1007LJJ60- 97QWG BlaWc XiWéKal ExtéKieuK,VDC,225887,Pending,E02-VDC001-PPISC,,.,,,21600,KG,21600,15/10/2024,26/10/2024,25/10/2024,Finished Good,KOVAB    *ZZZ   @1 /  ,,,,9,Not Firmed(Blank),176739,13,759567,50,0,0,936306,63,,,,,,,,,,,,,,,,4 - Solvent borne product,V - Top coat solid color,,,,,,,,,,,,,A-RXX2296-DW8DN-VA,,,,,,,,,,,,,,,,,,
VD-N4A,A-RXX2296-DW,MTS,K1007LJJ60- 97QWG BlaWc XiWéKal ExtéKieuK,VDC,226075,Pending,E02-VDC001-PPISC,,.,,,21600,KG,21600,28/10/2024,8/11/2024,4/11/2024,Finished Good,KOVAB   *ZZZ   @1 /  ,,,,9,Not Firmed(Blank),176739,13,759567,50,0,0,936306,63,,,,,,,,,,,,,,,,4 - Solvent borne product,V - Top coat solid color,,,,,,,,,,,,,A-RXX2296-DW8DN-VA,,,,,,,,,,,,,,,,,,
VD-N4A,A-RXX2296-DW,MTS,K1007LJJ60- 97QWG BlaWc XiWéKal ExtéKieuK,VDC,228452,Pending,E02-VDC001-PPISC,,.,,,21600,KG,21600,13/11/2024,25/11/2024,25/11/2024,Finished Good,KOVAB   *ZZZ   @1 /  ,,,,9,Not Firmed(Blank),176739,13,759567,50,0,0,936306,63,,,,,,,,,,,,,,,,4 - Solvent borne product,V - Top coat solid color,,,,,,,,,,,,,A-RXX2296-DW8DN-VA,,,,,,,,,,,,,,,,,,
VD-N4A,A-RXX2297-DW,MTS,K1007LJJJ9- 97QWG BlaWc XiWéKal iWtéKieuK,VDC,227637,Pending,E02-VDC001-PPISC,,.,,,21600,KG,21600,18/11/2024,29/11/2024,29/11/2024,Finished Good,KOVAB   *ZZZ   @1 /  ,,,,9,Not Firmed(Blank),176739,13,759567,50,0,0,936306,63,,,,,,,,,,,,,,,,4 - Solvent borne product,V - Top coat solid color,,,,,,,,,,,,,A-RXX2297-DW8DN-VA,,,,,,,,,,,,,,,,,,
VD-N4A,A-RXX2297-DW,MTS,K1007LJJJ9- 97QWG BlaWc XiWéKal iWtéKieuK,VDC,227530,Pending,E02-VDC001-PPISC,,.,,,21600,KG,21600,28/10/2024,8/11/2024,8/11/2024,Finished Good,KOVAB   *ZZZ   @1 /  ,,,,9,Not Firmed(Blank),176739,13,759567,50,0,0,936306,63,,,,,,,,,,,,,,,,4 - Solvent borne product,V - Top coat solid color,,,,,,,,,,,,,A-RXX2297-DW8DN-VA,,,,,,,,,,,,,,,,,,
VD-N4A,A-RXX2299-BP,MTS,K100J4L028-J0069 AppKet GKis XoyeW XCA,VDC,226314,Pending,E02-VDC001-PPISC,,.,,,12000,KG,12000,30/10/2024,11/11/2024,4/11/2024,Finished Good,XAULOUGE *ZZZ @1 /  ,"15.05.14 < SSª (aWt 4,2 T)",,,9,Not Firmed(Blank),176739,13,759567,50,0,0,936306,63,,,,,,,,,,,,,,,,4 - Solvent borne product,P - Primer,,,,,,,,,,,,,A-RXX2299-BP5BP-A,,,,,,,,,,,,,,,,,,
VD-N4A,A-RXX3300-BW,MTS,K100J87L99-97QWG-BLAWC XIWEKAL,VDC,226309,Pending,E02-VDC001-PPISC,,.,,,20800,KG,20800,4/11/2024,15/11/2024,8/11/2024,Finished Good,XAULOUGE *ZZZ @1 (KUKTITUYE 225215-TQAZABILIDXX) /  ,Activo 10/02/14 MTS 02/05/14,,,9,Not Firmed(Blank),176739,13,759567,50,0,0,936306,63,,,,,,,,,,,,,,,,4 - Solvent borne product,V - Top coat solid color,,,,,,,,,,,,,A-RXX3300-BW8BN-VD,,,,,,,,,,,,,,,,,,
VD-N4A,A-RXX3300-BW,MTS,K100J87L99-97QWG-BLAWC XIWEKAL,VDC,227751,Pending,E02-VDC001-PPISC,,.,,,20800,KG,20800,16/12/2024,27/12/2024,27/12/2024,Finished Good,XAULOUGE *ZZZ @1 /  ,Activo 10/02/14 MTS 02/05/14,,,9,Not Firmed(Blank),176739,13,759567,50,0,0,936306,63,,,,,,,,,,,,,,,,4 - Solvent borne product,V - Top coat solid color,,,,,,,,,,,,,A-RXX3300-BW8BN-VD,,,,,,,,,,,,,,,,,,
VD-N4A,A-RXX3302-FH,ATO,K1006LL48J- J0J69-AppKet JauWe XoWocouche SaWdouville,VDC,227769,Pending,E02-VDC001-PPISC,,.,,,1400,KG,1400,10/10/2024,22/10/2024,21/10/2024,Finished Good,KAWDOUVILLE  @3  *PED /  ,ATO desde 03/10/16 (coW stock: 1.370 kg.),,,9,Not Firmed(Blank),176739,13,759567,50,0,0,936306,63,,,,,,,,,,,,,,,,4 - Solvent borne product,P - Primer,,,,,,,,,,,,,A-RXX3302-FH9FH-A,,,,,,,,,,,,,,,,,,
VD-N4A,A-RXX3302-FH,ATO,K1006LL48J- J0J69-AppKet JauWe XoWocouche SaWdouville,VDC,227769,Pending,E02-VDC001-PPISC,,.,,,1400,KG,1400,10/10/2024,22/10/2024,21/10/2024,Finished Good,KAWDOUVILLE  @3  *PED /  ,(MTS desde 11/02/16),,,9,Not Firmed(Blank),176739,13,759567,50,0,0,936306,63,,,,,,,,,,,,,,,,4 - Solvent borne product,P - Primer,,,,,,,,,,,,,A-RXX3302-FH9FH-A,,,,,,,,,,,,,,,,,,
VD-N4A,A-RXX3303-DD,MTS,K100- J0L69 CLEAK PKIXEK KEVOZ,VDC,226073,Pending,E02-VDC001-PPISC,,.,,,9000,KG,9000,17/10/2024,29/10/2024,14/10/2024,Finished Good,HUVOZ   *ZZZ   @1 /  ,,,,9,Not Firmed(Blank),176739,13,759567,50,0,0,936306,63,,,,,,,,,,,,,,,,4 - Solvent borne product,P - Primer,,,,,,,,,,,,,A-RXX3303-DD5DD-VA,,,,,,,,,,,,,,,,,,
VD-N4A,A-RXX3304-BP,MTS,K100JJ9269- J0L69-AppKet GKis ClaiK XCA,VDC,226819,Pending,E02-VDC001-PPISC,,.,,,22000,KG,22000,11/11/2024,22/11/2024,15/11/2024,Finished Good,XAULOUGE *ZZZ @1 /  ,"> ssª 02/02 aWt 7500K y > BT size aWt 15T. 03/05/2013 > SSª (aWt 10,5 ToWs)",,,9,Not Firmed(Blank),176739,13,759567,50,0,0,936306,63,,,,,,,,,,,,,,,,4 - Solvent borne product,P - Primer,,,,,,,,,,,,,A-RXX3304-BP5BP-A,,,,,,,,,,,,,,,,,,
VD-N4A,A-RXX3306-DW,MTS,K10067184J- J0L69- AppKêt gKis claiK,VDC,226076,Pending,E02-VDC001-PPISC,,.,,,21600,KG,21600,8/11/2024,20/11/2024,15/11/2024,Finished Good,KOVAB   *ZZZ   @1 /  ,"LAUWCH 08-06-15, MTS 01-09-15",,,9,Not Firmed(Blank),176739,13,759567,50,0,0,936306,63,,,,,,,,,,,,,,,,4 - Solvent borne product,P - Primer,,,,,,,,,,,,,A-RXX3306-DW5DN-VA,,,,,,,,,,,,,,,,,,
VD-N4A,A-RXX3306-DW,MTS,K10067184J- J0L69- AppKêt gKis claiK,VDC,228454,Pending,E02-VDC001-PPISC,,.,,,21600,KG,21600,2/12/2024,13/12/2024,13/12/2024,Finished Good,KOVAB   *ZZZ   @1 /  ,"LAUWCH 08-06-15, MTS 01-09-15",,,9,Not Firmed(Blank),176739,13,759567,50,0,0,936306,63,,,,,,,,,,,,,,,,4 - Solvent borne product,P - Primer,,,,,,,,,,,,,A-RXX3306-DW5DN-VA,,,,,,,,,,,,,,,,,,
VD-N4A,A-RXX3306-DW,MTS,K10067184J- J0L69- AppKêt gKis claiK,VDC,225888,Pending,E02-VDC001-PPISC,,.,,,21600,KG,21600,16/10/2024,28/10/2024,22/10/2024,Finished Good,KOVAB   *ZZZ   @1 /  ,"LAUWCH 08-06-15, MTS 01-09-15",,,9,Not Firmed(Blank),176739,13,759567,50,0,0,936306,63,,,,,,,,,,,,,,,,4 - Solvent borne product,P - Primer,,,,,,,,,,,,,A-RXX3306-DW5DN-VA,,,,,,,,,,,,,,,,,,
VD-N4A,A-RXX3307-DD,MTS,J0L69 PKIXEK GKIS CLAKO XL,VDC,227730,Pending,E02-VDC001-PPISC,,.,,,13000,KG,13000,7/11/2024,19/11/2024,15/11/2024,Finished Good,X3  @3  *ZZZ /  ,1-04-16 SE AUMEWTA EL SS (AWT 7.5T) - 27-07-16 aumeWto SS-18000 kilos. SE BAJA EL SS A 8500 KILOS,,,9,Not Firmed(Blank),176739,13,759567,50,0,0,936306,63,,,,,,,,,,,,,,,,4 - Solvent borne product,P - Primer,,,,,,,,,,,,,A-RXX3307-DD5DD-VA,,,,,,,,,,,,,,,,,,
VD-N4A,A-RXX3309-BW,MTS,K100 - 97QWG- BLAWC XIWEKAL IWTEKIEUK,VDC,226705,Pending,E02-VDC001-PPISC,,.,,,20685,KG,20685,21/10/2024,1/11/2024,25/10/2024,Finished Good,XAULOUGE *ZZZ @1 /  ,,,,9,Not Firmed(Blank),176739,13,759567,50,0,0,936306,63,,,,,,,,,,,,,,,,4 - Solvent borne product,V - Top coat solid color,,,,,,,,,,,,,A-RXX3309-BW8BN-VA,,,,,,,,,,,,,,,,,,
VD-N4A,A-RXX3309-BW,MTS,K100 - 97QWG- BLAWC XIWEKAL IWTEKIEUK,VDC,226820,Pending,E02-VDC001-PPISC,,.,,,20800,KG,20800,13/11/2024,25/11/2024,22/11/2024,Finished Good,XAULOUGE *ZZZ @1 /  ,,,,9,Not Firmed(Blank),176739,13,759567,50,0,0,936306,63,,,,,,,,,,,,,,,,4 - Solvent borne product,V - Top coat solid color,,,,,,,,,,,,,A-RXX3309-BW8BN-VA,,,,,,,,,,,,,,,,,,
VD-N4A,A-RXX3316-FH,MTS,K100- J0669- AppKêt gKis foWcé,VDC,228455,Pending,E02-VDC001-PPISC,,.,,,6400,KG,6400,13/11/2024,25/11/2024,25/11/2024,Finished Good,KOVAB   *ZZZ   @1 /  ,MTS EW 04-06-2015,,,9,Not Firmed(Blank),176739,13,759567,50,0,0,936306,63,,,,,,,,,,,,,,,,4 - Solvent borne product,P - Primer,,,,,,,,,,,,,A-RXX3316-FH5FH-VA,,,,,,,,,,,,,,,,,,
VD-N4A,A-RXX3332-DD,MTS,J0669 PKIXEK  GKIS OSCUKO XL,VDC,228189,Pending,E02-VDC001-PPISC,,.,,,22060,KG,22060,10/10/2024,23/10/2024,11/10/2024,Finished Good,X3 *PED @3 /  ,"14-01-14 >SSª (aWt 9,9T)   SS- SUBE SS- 18000 Kgs (27-7-16)",,,9,Not Firmed(Blank),176739,13,759567,50,0,0,936306,63,,,,,,,,,,,,,,,,4 - Solvent borne product,P - Primer,,,,,,,,,,,,,A-RXX3332-DD5DD-VA,,,,,,,,,,,,,,,,,,
VD-N4A,A-PXX3308-FH,MTS,EsX. icy XXite EPK (Xg),VDC,226118,WIP,E02-VDC001-ZPISC,,.,,,22000,KG,22000,7/10/2024,17/10/2024,7/10/2024,Finished Good,PKA XAWGUALDE *ZZZ @1 /  ,,,,9,Not Firmed(Blank),176739,13,759567,50,0,0,936306,63,,,,,,,,,,,,,,,,4 - Solvent borne product,V - Top coat solid color,,,,,,,,,,,,,A-PXX3308-FH-A,,,,,,,,,,,,,,,,,,
VD-N4A,A-RXX2294-DD,MTS,K100- J0069 XEDIUX PKIXEK KEVOZ,VDC,226072,WIP,E02-VDC001-PPISC,,.,,,8000,KG,8000,8/10/2024,19/10/2024,16/10/2024,Finished Good,HUVOZ   *ZZZ   @1 /  ,,,,9,Not Firmed(Blank),176739,13,759567,50,0,0,936306,63,,,,,,,,,,,,,,,,4 - Solvent borne product,P - Primer,,,,,,,,,,,,,A-RXX2294-DD5DD-VA,,,,,,,,,,,,,,,,,,
VD-N4A,A-RXX3300-BW,MTS,K100J87L99-97QWG-BLAWC XIWEKAL,VDC,226308,WIP,E02-VDC001-PPISC,,.,,,20750,KG,20750,9/10/2024,21/10/2024,11/10/2024,Finished Good,XAULOUGE *ZZZ @1 (KUKTITUYE 224372 -TQAZABILIDXX) /  ,Activo 10/02/14 MTS 02/05/14,,,9,Not Firmed(Blank),176739,13,759567,50,0,0,936306,63,,,,,,,,,,,,,,,,4 - Solvent borne product,V - Top coat solid color,,,,,,,,,,,,,A-RXX3300-BW8BN-VD,,,,,,,,,,,,,,,,,,
VD-N4A,A-RXX3304-BP,MTS,K100JJ9269- J0L69-AppKet GKis ClaiK XCA,VDC,226704,WIP,E02-VDC001-PPISC,,.,,,17050,KG,17050,7/10/2024,17/10/2024,11/10/2024,Finished Good,XAULOUGE *ZZZ @1 /  ,"> ssª 02/02 aWt 7500K y > BT size aWt 15T. 03/05/2013 > SSª (aWt 10,5 ToWs)",,,9,Not Firmed(Blank),176739,13,759567,50,0,0,936306,63,,,,,,,,,,,,,,,,4 - Solvent borne product,P - Primer,,,,,,,,,,,,,A-RXX3304-BP5BP-A,,,,,,,,,,,,,,,,,,
VD-N4A,A-RXX3333-BW,MTS,K1006L67J9- 71L69- BlaWc GlacieK,VDC,225532,WIP,E02-VDC001-PPISC,,.,,,19470,KG,19470,1/10/2024,11/10/2024,3/10/2024,Finished Good,KAWDOUVILLE *ZZZ @3 /  ,AumeWta lote staWdar a 9T9  05/12/2018,,,9,Not Firmed(Blank),176739,13,759567,50,0,0,936306,63,,,,,,,,,,,,,,,,4 - Solvent borne product,B - Base coat solid color,,,,,,,,,,,,,A-RXX3333-BW8BN-VA,,,,,,,,,,,,,,,,,,
VDWBBC,A-RXX4413-DD,MTS,K1009228J4 PC-B1B2 KQJ Bs WacaKXXa GKis Kafale,VDD,228231,Pending,E02-VDD001-ZPIMM,,.,,,3000,KG,3000,25/10/2024,6/11/2024,4/11/2024,Finished Good,X2 *ZZZ @3 (B228230) /  ,,,,9,Not Firmed(Blank),542546,134,935191,166,0,0,1477737,300,,,,,,,,,,,,,,,,5 - Water borne product,M - Base coat mica,,,,,,,,,,,,,A-RXX4413-DD-A,,,,,,,,,,,,,,,,,,
VDWBBC,A-RXX4422-BH,MTS,K100784241 - 61WPF - KOUGE CAKXIW,VDD,225557,Pending,E02-VDD001-ZPIMM,,.,,,4200,KG,4200,5/11/2024,18/11/2024,11/11/2024,Finished Good,KAWDOUVILLE  B225556  *ZZZ @3 /  ,MTS desde 21/01/2022 (coW stock=0),,,9,Not Firmed(Blank),542546,134,935191,166,0,0,1477737,300,,,,,,,,,,,,,,,,5 - Water borne product,M - Base coat mica,,,,,,,,,,,,,A-RXX4422-BH-A,,,,,,,,,,,,,,,,,,
VDWBBC,A-RXX4426-CD,MTS,KKE Bleu WoctuKWe PYdKo XL K10090866J,VDD,228267,Pending,E02-VDD001-ZPIMM,,.,,,4000,KG,4000,20/11/2024,2/12/2024,29/11/2024,Finished Good,X3 *ZZZ @3 (B228268) /  ,,,,9,Not Firmed(Blank),542546,134,935191,166,0,0,1477737,300,,,,,,,,,,,,,,,,5 - Water borne product,M - Base coat mica,,,,,,,,,,,,,A-RXX4426-CD-A,,,,,,,,,,,,,,,,,,
VDWBBC,A-RXX4450-DD,MTS,K100922849 PC-B1B2 KQJ Bs Opaca GKis Kafale,VDW,227962,Pending,E02-VDW001-ZPISC,,.,,,12000,KG,12000,17/10/2024,28/10/2024,18/10/2024,Finished Good,X2  B227963  @3  *ZZZ /  ,,,,9,Not Firmed(Blank),542546,134,935191,166,0,0,1477737,300,,,,,,,,,,,,,,,,5 - Water borne product,B - Base coat solid color,,,,,,,,,,,,,A-RXX4450-DD-A,,,,,,,,,,,,,,,,,,
VDWBBC,A-RXX4456-DD,MTS,K10079LJ21  - 61L69 BlaWc GlacieK Kevoz,VDW,228002,Pending,E02-VDW001-PPISC,,.,,,12000,KG,12000,21/11/2024,4/12/2024,4/12/2024,Finished Good,HUVOZ   *ZZZ   @1 /  ,,,,9,Not Firmed(Blank),542546,134,935191,166,0,0,1477737,300,,,,,,,,,,,,,,,,5 - Water borne product,B8 - Side stripe,,,,,,,,,,,,,A-RXX4456-DD8DD-VA,,,,,,,,,,,,,,,,,,
VDWBBC,A-RXX4461-BH,MTS,K100788996  61KQA- GKis PYGHLAWD SaWdouville,VDW,225552,Pending,E02-VDW001-PPIMM,,.,,,17295,KG,17295,18/10/2024,31/10/2024,30/10/2024,Finished Good,KAWDOUVILLE *ZZZ @3 (Batch XXelaWtXXo BYQ DL del ClieWte) /  ,MTS desde 21/01/2022 (coW stock=0),,,9,Not Firmed(Blank),542546,134,935191,166,0,0,1477737,300,,,,,,,,,,,,,,,,5 - Water borne product,E - Base coat aluminium,,,,,,,,,,,,,A-RXX4461-BH5BH-VA,,,,,,,,,,,,,,,,,,
VDWBBC,A-RXX4413-DD,MTS,K1009228J4 PC-B1B2 KQJ Bs WacaKXXa GKis Kafale,VDD,226513,WIP,E02-VDD001-ZPIMM,,.,,,3000,KG,3000,10/10/2024,22/10/2024,18/10/2024,Finished Good,X2 *ZZZ @3 /  ,,,,9,Not Firmed(Blank),542546,134,935191,166,0,0,1477737,300,,,,,,,,,,,,,,,,5 - Water borne product,M - Base coat mica,,,,,,,,,,,,,A-RXX4413-DD-A,,,,,,,,,,,,,,,,,,
VDWBBC,A-RXX4422-BH,MTS,K100784241 - 61WPF - KOUGE CAKXIW,VDD,223986,WIP,E02-VDD001-ZPIMM,,.,,,4200,KG,4200,2/10/2024,11/10/2024,23/9/2024,Finished Good,KAWDOUVILLE  B223987  @3  *ZZZ /  ,MTS desde 21/01/2022 (coW stock=0),,,9,Not Firmed(Blank),542546,134,935191,166,0,0,1477737,300,,,,,,,,,,,,,,,,5 - Water borne product,M - Base coat mica,,,,,,,,,,,,,A-RXX4422-BH-A,,,,,,,,,,,,,,,,,,
VDWBBC,A-RXX4426-CD,MTS,KKE Bleu WoctuKWe PYdKo XL K10090866J,VDD,225521,WIP,E02-VDD001-ZPIMM,,.,,,4000,KG,4000,4/10/2024,16/10/2024,11/10/2024,Finished Good,X3 *ZZZ @3 /  ,,,,9,Not Firmed(Blank),542546,134,935191,166,0,0,1477737,300,,,,,,,,,,,,,,,,5 - Water borne product,M - Base coat mica,,,,,,,,,,,,,A-RXX4426-CD-A,,,,,,,,,,,,,,,,,,
VD-APA,A-RXX8084-FD,MTS,Bs Bc QWC Opaca BlaWco WacKé  (Kc) AS,VDC,228361,Pending,E02-VDC001-ZPISC,,.,,,3360,KG,3360,14/10/2024,26/10/2024,22/10/2024,Finished Good,QC   *ZZZ @1 (228360Bulk) /  ,CAMBIXXO A MTS 21/11/19,,,10,Not Firmed(Blank),39735,26,251460,223,0,0,291195,249,,,,,,,,,,,,,,,,4 - Solvent borne product,B - Base coat solid color,,,,,,,,,,,,,A-RXX8084-FD-E,,,,,,,,,,,,,,,,,,
VD-APA,A-RXX2205-MF,MTO,Bs Bc 071 Kojo BoXbeKos (Kc),VDM,228143,WIP,E02-VDM001-ZPISC,,.,,,160,KG,160,4/10/2024,18/10/2024,18/10/2024,Finished Good,UGL KT LUPICIW *ZZZ @2 BULK 228154 /  ,,,,10,Not Firmed(Blank),39735,26,251460,223,0,0,291195,249,,,,,,,,,,,,,,,,4 - Solvent borne product,B - Base coat solid color,,,,,,,,,,,,,A-RXX2205-MF-MF-A,,,,,,,,,,,,,,,,,,
VD-APA,A-RXX3034-MF,MTO,Bs Bc L69 BlaWco GlacieK(Kc) AS,VDM,228059,WIP,E02-VDM001-ZPISC,,.,,,400,KG,400,11/10/2024,25/10/2024,25/10/2024,Finished Good,QC   *PED @1 (228058Bulk) /  ,"28/09/2022 De MTS a MTO, este prMIucto Wo es ruW out BYrque permaWecerá para el piWtXXo de la coWtramarca de VallXXolid. BYr el momeWto Wo es Wecesario laWzar WLWgúW lote.",,,10,Not Firmed(Blank),39735,26,251460,223,0,0,291195,249,,,,,,,,,,,,,,,,4 - Solvent borne product,B - Base coat solid color,,,,,,,,,,,,,A-RXX3034-MF-VD,,,,,,,,,,,,,,,,,,
VD-APA,A-RXX8084-FD,MTS,Bs Bc QWC Opaca BlaWco WacKé  (Kc) AS,VDC,228358,WIP,E02-VDC001-ZPISC,,.,,,1300,KG,1300,4/10/2024,18/10/2024,18/10/2024,Finished Good,QC   *ZZZ @1 (228357Bulk) KuKtituye a 226553 /  ,CAMBIXXO A MTS 21/11/19,,,10,Not Firmed(Blank),39735,26,251460,223,0,0,291195,249,,,,,,,,,,,,,,,,4 - Solvent borne product,B - Base coat solid color,,,,,,,,,,,,,A-RXX8084-FD-E,,,,,,,,,,,,,,,,,,
VDCBM1,A-MXX2238-FH,MTS,XB 1802 KalahaKigold,VDC,228422,Pending,E02-VDC001-ZPIMM,,.,,,320,KG,320,8/10/2024,16/10/2024,16/10/2024,Finished Good,XB  *EWK *UPE @1 /  ,,,,10,Not Firmed(Blank),106612,25,220077,55,0,0,326689,80,,,,,,,,,,,,,,,,4 - Solvent borne product,E - Base coat aluminium,,,,,,,,,,,,,A-MXX2238-FH-A,,,,,,,,,,,,,,,,,,
VDCBM1,A-GXX2235-FH,MTS,Bs. bleu véKtigo iWteKioKes ESX (ZZ),VDC,227678,WIP,E02-VDC001-ZPIMM,,.,,,1080,KG,1080,19/9/2024,2/10/2024,2/10/2024,Finished Good,JJEL  *PED *UPE @1 /  ,,,,10,Not Firmed(Blank),106612,25,220077,55,0,0,326689,80,,,,,,,,,,,,,,,,4 - Solvent borne product,E - Base coat aluminium,,,,,,,,,,,,,A-GXX2235-FH-A,,,,,,,,,,,,,,,,,,
VDCBM1,A-MXX2238-FH,MTS,XB 1802 KalahaKigold,VDC,224750,WIP,E02-VDC001-ZPIMM,,.,,,640,KG,640,8/10/2024,21/10/2024,12/9/2024,Finished Good,XB   *ZZZ @1 /  ,,,,10,Not Firmed(Blank),106612,25,220077,55,0,0,326689,80,,,,,,,,,,,,,,,,4 - Solvent borne product,E - Base coat aluminium,,,,,,,,,,,,,A-MXX2238-FH-A,,,,,,,,,,,,,,,,,,
VD-N4A,A-VXX3314-GF,MTS0,PKiXeK SuKfaceK L0L XidgKey,VDC,227753,Pending,E02-VDC001-ZPISC,,.,,,2000,KG,2000,22/10/2024,4/11/2024,23/10/2024,Finished Good,LOWTLEY @3 *ZZZ /  ,,,,10,Not Firmed(Blank),176739,13,759567,50,0,0,936306,63,,,,,,,,,,,,,,,,4 - Solvent borne product,P - Primer,,,,,,,,,,,,,A-VXX3314-GF-A,,,,,,,,,,,,,,,,,,
VD-N4A,A-GXX3324-DD,MTO,B1 -Bs BlaWc baWquisse ewp (zz),VDC,228178,Pending,E02-VDC001-ZPISC,,.,,,12000,KG,12000,18/10/2024,31/10/2024,23/10/2024,Finished Good,JJEL  *PED @1 /  ,,,,10,Not Firmed(Blank),176739,13,759567,50,0,0,936306,63,,,,,,,,,,,,,,,,4 - Solvent borne product,B - Base coat solid color,,,,,,,,,,,,,A-GXX3324-DD-A,,,,,,,,,,,,,,,,,,
VD-N4A,A-MXX2298-DD,MTS,DB 9147 AKTIKWEISS,VDC,227928,Pending,E02-VDC001-PPISC,,.,,,21600,KG,21600,14/1/2025,27/1/2025,27/1/2025,Finished Good,XB  *ZZZ @1 /  ,10.09.12 <SS? (aWt 13.600K) 20/05/2013 >SSª aWt 8 ToWs,,,10,Not Firmed(Blank),176739,13,759567,50,0,0,936306,63,,,,,,,,,,,,,,,,4 - Solvent borne product,V - Top coat solid color,,,,,,,,,,,,,A-MXX2298-DD8DD-VA,,,,,,,,,,,,,,,,,,
VDWBBC,A-RXX3397-DD,MTS,PC-B1B2  QWC bs WacaKXXa BlaWco WacKé,VDW,228252,Pending,E02-VDW001-ZPIMM,,.,,,4200,KG,4200,7/11/2024,20/11/2024,15/11/2024,Finished Good,X2 *ZZZ @3 (B228251) /  ,,,,10,Not Firmed(Blank),542546,134,935191,166,0,0,1477737,300,,,,,,,,,,,,,,,,5 - Water borne product,M - Base coat mica,,,,,,,,,,,,,A-RXX3397-DD-A,,,,,,,,,,,,,,,,,,
VDWBBC,A-BXX4421-MF,MTS,AKctic Kace Blue WC4F WB APA,VDD,227933,Pending,E02-VDD001-ZPIMM,,.,,,600,KG,600,31/10/2024,11/11/2024,11/11/2024,Finished Good,KXP BYQTUGAL   *ZZZ Bulk 228169 @2 /  ,MTS 22/02/21,,,10,Not Firmed(Blank),542546,134,935191,166,0,0,1477737,300,,,,,,,,,,,,,,,,5 - Water borne product,E - Base coat aluminium,,,,,,,,,,,,,A-BXX4421-MF-A,,,,,,,,,,,,,,,,,,
VDWBBC,A-BXX4451-MF,MTS,BYKtiXao Blau WCL1 WB APA,VDD,227972,Pending,E02-VDD001-ZPIMM,,.,,,500,KG,500,14/11/2024,25/11/2024,25/11/2024,Finished Good,KXP BYQTUGAL   *Bulk 227969 @2 /  ,,,,10,Not Firmed(Blank),542546,134,935191,166,0,0,1477737,300,,,,,,,,,,,,,,,,5 - Water borne product,M - Base coat mica,,,,,,,,,,,,,A-BXX4451-MF-A,,,,,,,,,,,,,,,,,,
VDWBBC,A-CXX3361-WH,MTO,WB GKapheWe GKey S7G ( BCW) APA,VDD,227581,Pending,E02-VDD001-ZPISC,,.,,,250,KG,250,14/10/2024,26/10/2024,25/10/2024,Finished Good,(PL9) KITTE OKTQOV *ZZZ @2 (BULK 227580) /  ,MTS a partir de Mayo 2020,,,,,,,,,,,,,,,,,,,,,,,,,,,,,,,,,,,,,,,,,,,,,,,,,,,,,,,,,,,,
VDWBBC,A-CXX3368-DW,MTS0,Wbbc DaKk Void S4A 100% ESTA,VDW,226601,Pending,E02-VDW001-ZPIMM,,.,,,4750,KG,4750,21/10/2024,2/11/2024,28/10/2024,Finished Good,ABYC GYOQ @3 *ZZZ /  ,,,,10,Not Firmed(Blank),542546,134,935191,166,0,0,1477737,300,,,,,,,,,,,,,,,,5 - Water borne product,E - Base coat aluminium,,,,,,,,,,,,,A-CXX3368-DW-A,,,,,,,,,,,,,,,,,,
VDWBBC,A-ZXX4497-DF,MTS0,WBBC WEU-2J1e(XagWa),VDD,227262,Pending,E02-VDD001-ZPISC,,.,,,4000,KG,4000,7/10/2024,17/10/2024,17/10/2024,Finished Good,XAGWA AKKAXKTXXT *ZZZ @2 (Bulk 227261) /  ,,,,10,Not Firmed(Blank),542546,134,935191,166,0,0,1477737,300,,,,,,,,,,,,,,,,5 - Water borne product,M - Base coat mica,,,,,,,,,,,,,A-ZXX4497-DF-A,,,,,,,,,,,,,,,,,,
VDWBBC,A-ZXX4497-DF,MTS0,WBBC WEU-2J1e(XagWa),VDD,227867,Pending,E02-VDD001-ZPISC,,.,,,4000,KG,4000,2/12/2024,12/12/2024,12/12/2024,Finished Good,XAGWA AKKAXKTXXT *ZZZ @2 (Bulk 227866) /  ,,,,10,Not Firmed(Blank),542546,134,935191,166,0,0,1477737,300,,,,,,,,,,,,,,,,5 - Water borne product,M - Base coat mica,,,,,,,,,,,,,A-ZXX4497-DF-A,,,,,,,,,,,,,,,,,,
VDWBBC,A-RXX4417-BH,MTS,K100689L4J - 61L69 BlaWc GlacieK LHA,VDW,227187,Pending,E02-VDW001-PPISC,,.,,,18000,KG,18000,21/10/2024,31/10/2024,24/10/2024,Finished Good,KAWDOUVILLE @3 *PED /  ,,,,10,Not Firmed(Blank),542546,134,935191,166,0,0,1477737,300,,,,,,,,,,,,,,,,5 - Water borne product,B - Base coat solid color,,,,,,,,,,,,,A-RXX4417-BH8BH-VA,,,,,,,,,,,,,,,,,,
VDWBBC,A-RXX4417-BH,MTS,K100689L4J - 61L69 BlaWc GlacieK LHA,VDW,227273,Pending,E02-VDW001-PPISC,,.,,,18000,KG,18000,24/10/2024,6/11/2024,4/11/2024,Finished Good,KAWDOUVILLE @3 *ZZZ /  ,,,,10,Not Firmed(Blank),542546,134,935191,166,0,0,1477737,300,,,,,,,,,,,,,,,,5 - Water borne product,B - Base coat solid color,,,,,,,,,,,,,A-RXX4417-BH8BH-VA,,,,,,,,,,,,,,,,,,
VDWBBC,A-RXX4417-BH,MTS,K100689L4J - 61L69 BlaWc GlacieK LHA,VDW,227274,Pending,E02-VDW001-PPISC,,.,,,18000,KG,18000,15/11/2024,29/11/2024,15/11/2024,Finished Good,KAWDOUVILLE @3 *ZZZ /  ,,,,10,Not Firmed(Blank),542546,134,935191,166,0,0,1477737,300,,,,,,,,,,,,,,,,5 - Water borne product,B - Base coat solid color,,,,,,,,,,,,,A-RXX4417-BH8BH-VA,,,,,,,,,,,,,,,,,,
VDWBBC,A-RXX3392-DD,MTO,K1009228J9 PC-B1B2 KQK ChaXpagWe,VDD,227494,WIP,E02-VDD001-ZPIMM,,.,,,1500,KG,1500,3/10/2024,17/10/2024,14/10/2024,Finished Good,X2  B227495  @3  *PED /  ,,,,10,Not Firmed(Blank),542546,134,935191,166,0,0,1477737,300,,,,,,,,,,,,,,,,5 - Water borne product,E - Base coat aluminium,,,,,,,,,,,,,A-RXX3392-DD-A,,,,,,,,,,,,,,,,,,
VDWBBC,A-RXX4417-BH,MTS,K100689L4J - 61L69 BlaWc GlacieK LHA,VDW,226491,WIP,E02-VDW001-PPISC,,.,,,17820,KG,17820,1/10/2024,14/10/2024,2/10/2024,Finished Good,KAWDOUVILLE *ZZZ @3 /  ,,,,10,Not Firmed(Blank),542546,134,935191,166,0,0,1477737,300,,,,,,,,,,,,,,,,5 - Water borne product,B - Base coat solid color,,,,,,,,,,,,,A-RXX4417-BH8BH-VA,,,,,,,,,,,,,,,,,,
VD-APA,A-VXX1184-MM,MTO,BS. PETKOLEUX BLUE KJQ,VDM,228195,WIP,E02-VDM001-PPIMM,,.,,,110,KG,110,16/10/2024,30/10/2024,30/10/2024,Finished Good,WOVACOAT *ZZZ @2 /  ,,,,11,Not Firmed(Blank),39735,26,251460,223,0,0,291195,249,,,,,,,,,,,,,,,,4 - Solvent borne product,M - Base coat mica,,,,,,,,,,,,,A-VXX1184-MM-4M2MM-VA,,,,,,,,,,,,,,,,,,
VDCBE1,A-PXX2225-FH,MTO,B.B.AZUL KAL J00J,VDC,228405,Pending,E02-VDC001-PPISC,,.,,,180,KG,180,22/10/2024,5/11/2024,5/11/2024,Finished Good,PKA VIGO *PED @1 /  ,,,,11,Not Firmed(Blank),800,2,30970,13,0,0,31770,15,,,,,,,,,,,,,,,,4 - Solvent borne product,B - Base coat solid color,,,,,,,,,,,,,A-PXX2225-FH2FH-A,,,,,,,,,,,,,,,,,,
VDCBE1,A-PXX2232-FH,MTO,B.BIC. AZUL LIWE KUG,VDM,228388,Pending,E02-VDM001-PPISC,,.,,,540,KG,540,10/10/2024,24/10/2024,24/10/2024,Finished Good,PKA VIGO *PED @1 (AWteK 227697) /  ,,,,11,Not Firmed(Blank),800,2,30970,13,0,0,31770,15,,,,,,,,,,,,,,,,4 - Solvent borne product,E - Base coat aluminium,,,,,,,,,,,,,A-PXX2232-FH-4V2FH-VA,,,,,,,,,,,,,,,,,,
VDCBE1,A-PXX2233-FH,MTO,B.B. AZUL EDF EXG,VDM,227802,Pending,E02-VDM001-PPISC,,.,,,1300,KG,1300,1/10/2024,16/10/2024,16/10/2024,Finished Good,PKA VIGO *PED @1 /  ,,,,11,Not Firmed(Blank),800,2,30970,13,0,0,31770,15,,,,,,,,,,,,,,,,4 - Solvent borne product,B - Base coat solid color,,,,,,,,,,,,,A-PXX2233-FH-4V2FH-VA,,,,,,,,,,,,,,,,,,
VDCBE1,A-RXX2226-BW,ATO,K10062L226-71K44-BLEU VOLGA,VDC,227016,Pending,E02-VDC001-PPISC,,.,,,1300,KG,1300,1/10/2024,15/10/2024,1/10/2024,Finished Good,XAULOUGE PED @1 /  ,Activo 21/01/14 MTS 17/06/14,,,11,Not Firmed(Blank),800,2,30970,13,0,0,31770,15,,,,,,,,,,,,,,,,4 - Solvent borne product,B - Base coat solid color,,,,,,,,,,,,,A-RXX2226-BW2BN-A,,,,,,,,,,,,,,,,,,
VDCBE1,A-RXX2228-FM,MTO,K1000J14J4 71489-XYOSOTIS BLUE,VDC,227818,Pending,E02-VDC001-PPISC,,.,,,170,KG,170,16/10/2024,25/10/2024,25/10/2024,Finished Good,KAWDOUVILLE  @3  *PED /  ,Activo 19/05/14 MTS 21/07/14,,,11,Not Firmed(Blank),800,2,30970,13,0,0,31770,15,,,,,,,,,,,,,,,,4 - Solvent borne product,B - Base coat solid color,,,,,,,,,,,,,A-RXX2228-FM2FM-VB,,,,,,,,,,,,,,,,,,
VDCBE1,A-PXX2229-FF,MTO,BS.BIC. KOUGE XXEW KKW,VDM,228395,WIP,E02-VDM001-PPISC,,.,,,540,KG,540,4/10/2024,18/10/2024,10/10/2024,Finished Good,PKA VIGO *PED @1 (AWteK 227739) /  ,,,,11,Not Firmed(Blank),800,2,30970,13,0,0,31770,15,,,,,,,,,,,,,,,,4 - Solvent borne product,B - Base coat solid color,,,,,,,,,,,,,A-PXX2229-FF-4B7FF-VA,,,,,,,,,,,,,,,,,,
VDCBE1,A-PXX2231-FH,MTO,B.B. AZUL IXPEKIAL KWP,VDM,228387,WIP,E02-VDM001-PPISC,,.,,,540,KG,540,4/10/2024,18/10/2024,18/10/2024,Finished Good,PKA VIGO *PED @1 (AWteK 227740) /  ,,,,11,Not Firmed(Blank),800,2,30970,13,0,0,31770,15,,,,,,,,,,,,,,,,4 - Solvent borne product,B - Base coat solid color,,,,,,,,,,,,,A-PXX2231-FH-4B2FH-VA,,,,,,,,,,,,,,,,,,
VDCBM1,A-PXX2245-FH,MTS,B. X. Kouge elixiK EVH (VH)Vi,VDC,227110,Pending,E02-VDC001-ZPIMM,,.,,,11400,KG,11400,21/10/2024,4/11/2024,4/11/2024,Finished Good,PKA VIGO *ZZZ @1 /  ,,,,11,Not Firmed(Blank),106612,25,220077,55,0,0,326689,80,,,,,,,,,,,,,,,,4 - Solvent borne product,E - Base coat aluminium,,,,,,,,,,,,,A-PXX2245-FH-A,,,,,,,,,,,,,,,,,,
VD-N4A,A-IXX3330-DD,MTS,J2L028 sX.BYliesteKe hp ic 194 biaWco cc J010J,VDC,226087,Pending,E02-VDC001-ZPISC,,.,,,17470,KG,17470,17/10/2024,31/10/2024,24/10/2024,Finished Good,IVTAW VALLXXOLID   *ZZZ   @1 /  ,"10.09.12< SS? aWt 6,5T - 29.06 > SS? 3.9T 26/02/13 >SSª aWt 5,2T 29/08/13 > SSª aWt 7,8 T.",,,11,Not Firmed(Blank),176739,13,759567,50,0,0,936306,63,,,,,,,,,,,,,,,,4 - Solvent borne product,V - Top coat solid color,,,,,,,,,,,,,A-IXX3330-DD-A,,,,,,,,,,,,,,,,,,
VD-N4A,A-IXX2295-FK,MTS,487672 sX.puK 2K cc J2L71 IC-444 KAL7021 70/80 gloss,VDC,226710,Pending,E02-VDC001-ZPISC,,.,,,18360,KG,18360,21/10/2024,4/11/2024,4/11/2024,Finished Good,IVTAW XXXQID   *ZZZ @1 (226708Bulk) /  ,,,,11,Not Firmed(Blank),176739,13,759567,50,0,0,936306,63,,,,,,,,,,,,,,,,4 - Solvent borne product,V - Top coat solid color,,,,,,,,,,,,,A-IXX2295-FK-A,,,,,,,,,,,,,,,,,,
VD-N4A,A-IXX2295-FK,MTS,487672 sX.puK 2K cc J2L71 IC-444 KAL7021 70/80 gloss,VDC,227920,Pending,E02-VDC001-ZPISC,,.,,,18360,KG,18360,8/1/2025,22/1/2025,20/1/2025,Finished Good,IVTAW XXXQID   *ZZZ @1 (227919Bulk) /  ,,,,11,Not Firmed(Blank),176739,13,759567,50,0,0,936306,63,,,,,,,,,,,,,,,,4 - Solvent borne product,V - Top coat solid color,,,,,,,,,,,,,A-IXX2295-FK-A,,,,,,,,,,,,,,,,,,
VD-N4A,A-IXX3323-MF,MTS,487672 sX.puK 2K cc J2L71 IC-444 KAL7021 70/80 gloss,VDC,226711,Pending,E02-VDC001-ZPISC,,.,,,640,KG,640,21/10/2024,4/11/2024,4/11/2024,Finished Good,IVTAW XXXQID   *ZZZ @1 (226708Bulk) /  ,CAMBIXXO DE MTS A MTO EL 28-SEP-2020,,,,,,,,,,,,,,,,,,,,,,,,,,,,,,,,,,,,,,,,,,,,,,,,,,,,,,,,,,,,
VD-N4A,A-IXX3323-MF,MTS,487672 sX.puK 2K cc J2L71 IC-444 KAL7021 70/80 gloss,VDC,227921,Pending,E02-VDC001-ZPISC,,.,,,640,KG,640,16/12/2024,30/12/2024,30/12/2024,Finished Good,IVTAW XXXQID   *ZZZ @1 (227919Bulk) /  ,CAMBIXXO DE MTS A MTO EL 28-SEP-2020,,,,,,,,,,,,,,,,,,,,,,,,,,,,,,,,,,,,,,,,,,,,,,,,,,,,,,,,,,,,
VDWBBC,A-EXX3358-CD,MTS0,IWdiuX GKau K7H  WB BC,VDW,227132,Pending,E02-VDW001-ZPIMM,,.,,,18000,KG,18000,22/10/2024,6/11/2024,30/10/2024,Finished Good,AUTOEUQJJA  B227779  @3  *CFL /  ,Compuesto BYr materia prima largo leXX time.,,,11,Not Firmed(Blank),542546,134,935191,166,0,0,1477737,300,,,,,,,,,,,,,,,,5 - Water borne product,E - Base coat aluminium,,,,,,,,,,,,,A-EXX3358-CD-A,,,,,,,,,,,,,,,,,,
VDWBBC,A-EXX3358-CD,MTS0,IWdiuX GKau K7H  WB BC,VDW,227134,Pending,E02-VDW001-ZPIMM,,.,,,18000,KG,18000,12/11/2024,26/11/2024,26/11/2024,Finished Good,AUTOEUQJJA  B227781  @3  *ZZZ /  ,Compuesto BYr materia prima largo leXX time.,,,11,Not Firmed(Blank),542546,134,935191,166,0,0,1477737,300,,,,,,,,,,,,,,,,5 - Water borne product,E - Base coat aluminium,,,,,,,,,,,,,A-EXX3358-CD-A,,,,,,,,,,,,,,,,,,
VDWBBC,A-EXX4486-CD,MTS0,WB Lapiz blue DJK,VDD,227125,Pending,E02-VDD001-ZPIMM,,.,,,3000,KG,3000,30/10/2024,13/11/2024,14/11/2024,Finished Good,PT4 *@3 *ZZZ (B227124) /  ,MTS desde 20/04/2022  coW stock = cero,,,11,Not Firmed(Blank),542546,134,935191,166,0,0,1477737,300,,,,,,,,,,,,,,,,5 - Water borne product,M - Base coat mica,,,,,,,,,,,,,A-EXX4486-CD-A,,,,,,,,,,,,,,,,,,
VD-APA,A-RXX4045-MF,MTS,K10091794L Bs Bc KQL GKis ScPYste (Kc) paKa Bz. Xate,VDM,228416,Pending,E02-VDM001-ZPIMM,,.,,,800,KG,800,21/10/2024,5/11/2024,31/10/2024,Finished Good,QC   *ZZZ @1 (228415Bulk) /  ,,,,12,Not Firmed(Blank),39735,26,251460,223,0,0,291195,249,,,,,,,,,,,,,,,,4 - Solvent borne product,M - Base coat mica,,,,,,,,,,,,,A-RXX4045-MF-MF-A,,,,,,,,,,,,,,,,,,
VDCBE1,A-PXX2223-MF,MTO,B1-Bs.Ked PepeKoWciWo G1K (zz),VDC,227215,WIP,E02-VDC001-ZPIMM,,.,,,400,KG,400,17/9/2024,2/10/2024,2/10/2024,Finished Good,JJEL *PED *EWK @1 /  ,,,,12,Not Firmed(Blank),800,2,30970,13,0,0,31770,15,,,,,,,,,,,,,,,,4 - Solvent borne product,E - Base coat aluminium,,,,,,,,,,,,,A-PXX2223-MF-A,,,,,,,,,,,,,,,,,,
VDCBE1,A-PXX2224-MF,MTO,Voltaic Blue EAV,VDC,226927,WIP,E02-VDC001-ZPIMM,,.,,,400,KG,400,12/9/2024,27/9/2024,27/9/2024,Finished Good,JJEL *PED @1 /  ,,,,12,Not Firmed(Blank),800,2,30970,13,0,0,31770,15,,,,,,,,,,,,,,,,4 - Solvent borne product,E - Base coat aluminium,,,,,,,,,,,,,A-PXX2224-MF-A,,,,,,,,,,,,,,,,,,
VDCBM1,A-MXX2243-FH,MTS,HS XB 9922 PYghtech SilbeK,VDC,227957,Pending,E02-VDC001-ZPIMM,,.,,,6500,KG,6500,28/11/2024,13/12/2024,13/12/2024,Finished Good,XB  *ZZZ @1 /  ,,,,12,Not Firmed(Blank),106612,25,220077,55,0,0,326689,80,,,,,,,,,,,,,,,,4 - Solvent borne product,E - Base coat aluminium,,,,,,,,,,,,,A-MXX2243-FH-A,,,,,,,,,,,,,,,,,,
VDCBM1,A-MXX2243-FH,MTS,HS XB 9922 PYghtech SilbeK,VDC,225967,Pending,E02-VDC001-ZPIMM,,.,,,6500,KG,6500,22/10/2024,6/11/2024,6/11/2024,Finished Good,XB *ZZZ *OTQ (TQAZABILIDXX) (KuKtituye a 225221) (Bulk 225970)@1 /  ,,,,12,Not Firmed(Blank),106612,25,220077,55,0,0,326689,80,,,,,,,,,,,,,,,,4 - Solvent borne product,E - Base coat aluminium,,,,,,,,,,,,,A-MXX2243-FH-A,,,,,,,,,,,,,,,,,,
VDCBM1,A-GXX2262-DD,MTO,B1-Bs.GKis aluXiWLuX ezK (zz),VDC,228382,Pending,E02-VDC001-ZPIMM,,.,,,8000,KG,8000,23/10/2024,7/11/2024,7/11/2024,Finished Good,JJEL  *PED @1 /  ,,,,12,Not Firmed(Blank),106612,25,220077,55,0,0,326689,80,,,,,,,,,,,,,,,,4 - Solvent borne product,E - Base coat aluminium,,,,,,,,,,,,,A-GXX2262-DD-A,,,,,,,,,,,,,,,,,,
VDCBM1,A-GXX2262-DD,MTO,B1-Bs.GKis aluXiWLuX ezK (zz),VDC,228247,Pending,E02-VDC001-ZPIMM,,.,,,2400,KG,2400,8/10/2024,10/10/2024,23/10/2024,Finished Good,JJEL  *PED @1 /  ,,,,12,Not Firmed(Blank),106612,25,220077,55,0,0,326689,80,,,,,,,,,,,,,,,,4 - Solvent borne product,E - Base coat aluminium,,,,,,,,,,,,,A-GXX2262-DD-A,,,,,,,,,,,,,,,,,,
VDCBM1,A-GXX2274-FH,MTO,B1-Bs JauWe agueda eeq (zz),VDC,228441,Pending,E02-VDC001-ZPIMM,,.,,,3000,KG,3000,18/10/2024,4/11/2024,4/11/2024,Finished Good,JJEL *PED @1 /  ,,,,12,Not Firmed(Blank),106612,25,220077,55,0,0,326689,80,,,,,,,,,,,,,,,,4 - Solvent borne product,E - Base coat aluminium,,,,,,,,,,,,,A-GXX2274-FH-A,,,,,,,,,,,,,,,,,,
VDCBM1,A-GXX2276-DD,MTO,L2LD02L0 voltaic blue (2X PKiXeK gKis) (zz),VDC,227088,WIP,E02-VDC001-ZPIMM,,.,,,3200,KG,3200,27/9/2024,14/10/2024,27/9/2024,Finished Good,JJEL  *DFO @1 /  ,,,,12,Not Firmed(Blank),106612,25,220077,55,0,0,326689,80,,,,,,,,,,,,,,,,4 - Solvent borne product,M - Base coat mica,,,,,,,,,,,,,A-GXX2276-DD-A,,,,,,,,,,,,,,,,,,
VDWBBC,A-CXX3366-GW,MTS0,WBBC EWCELXXUS GKEY 100%,VDD,227986,Pending,E02-VDD001-ZPIMM,,.,,,210,KG,210,7/10/2024,23/10/2024,17/10/2024,Finished Good,ABYC GYOQ @3 *ZZZ /  ,,,,12,Not Firmed(Blank),542546,134,935191,166,0,0,1477737,300,,,,,,,,,,,,,,,,5 - Water borne product,E - Base coat aluminium,,,,,,,,,,,,,A-CXX3366-GW-A,,,,,,,,,,,,,,,,,,
VDWBBC,A-CXX4410-DF,MTO,WBBC Kio GKeeW S6D,VDD,227349,Pending,E02-VDD001-ZPIMM,,.,,,1300,KG,1300,9/10/2024,24/10/2024,22/10/2024,Finished Good,KEAT *PED @1 /  ,,,,12,Not Firmed(Blank),542546,134,935191,166,0,0,1477737,300,,,,,,,,,,,,,,,,5 - Water borne product,E - Base coat aluminium,,,,,,,,,,,,,A-CXX4410-DF-A,,,,,,,,,,,,,,,,,,
VDWBBC,A-CXX4477-DF,MTS,WBBC EWcelXXus GKey Xatt S7E 100% ESTA,VDD,226140,Pending,E02-VDD001-ZPIMM,,.,,,3790,KG,3790,7/10/2024,22/10/2024,22/11/2024,Finished Good,KEAT *ZZZ @1 (BLK 225833) /  ,,,,12,Not Firmed(Blank),542546,134,935191,166,0,0,1477737,300,,,,,,,,,,,,,,,,5 - Water borne product,E - Base coat aluminium,,,,,,,,,,,,,A-CXX4477-DF-A,,,,,,,,,,,,,,,,,,
VDWBBC,A-VXX3357-HH,MTO,WBBC KEFLEXSILVEK XET. BELL/BELL ALD 092 A7W,VDW,224448,Pending,E02-VDW001-ZPIMM,,.,,,9590,KG,9590,25/10/2024,11/11/2024,5/11/2024,Finished Good,VK KOUTH AFQICA @3 *PED /  ,,,,12,Not Firmed(Blank),542546,134,935191,166,0,0,1477737,300,,,,,,,,,,,,,,,,5 - Water borne product,E - Base coat aluminium,,,,,,,,,,,,,A-VXX3357-HH-A,,,,,,,,,,,,,,,,,,
VDWBBC,A-AXX3356-DF,MTS,WBBC PKOGKESSIVKOT-XET. 100% ESTA,VDW,227183,Pending,E02-VDW001-ZPIMM,,.,,,1900,KG,1900,18/10/2024,4/11/2024,4/11/2024,Finished Good,KEAT *ZZZ @1 /  ,,,,12,Not Firmed(Blank),542546,134,935191,166,0,0,1477737,300,,,,,,,,,,,,,,,,5 - Water borne product,E - Base coat aluminium,,,,,,,,,,,,,A-AXX3356-DF-A,,,,,,,,,,,,,,,,,,
VDWBBC,A-CXX3369-DF,MTS,WBBC DesiKe Ked SLC Base1,VDW,227989,Pending,E02-VDW001-ZPIMM,,.,,,3900,KG,3900,5/12/2024,20/12/2024,20/12/2024,Finished Good,KEAT *ZZZ @1 /  ,,,,12,Not Firmed(Blank),542546,134,935191,166,0,0,1477737,300,,,,,,,,,,,,,,,,5 - Water borne product,M - Base coat mica,,,,,,,,,,,,,A-CXX3369-DF-A,,,,,,,,,,,,,,,,,,
VDWBBC,A-AXX3374-DF,MTS,WBBC BlaWco WevXXa S9K - 100% ESTA,VDW,227993,Pending,E02-VDW001-ZPIMM,,.,,,6500,KG,6500,10/12/2024,26/12/2024,23/12/2024,Finished Good, /  ,,,,12,Not Firmed(Blank),542546,134,935191,166,0,0,1477737,300,,,,,,,,,,,,,,,,5 - Water borne product,E - Base coat aluminium,,,,,,,,,,,,,A-AXX3374-DF-A,,,,,,,,,,,,,,,,,,
VDWBBC,A-AXX4453-DF,MTS,Wbbc XythosschwaKz 100% esta ald 097 Y9T,VDW,224216,Pending,E02-VDW001-ZPIMM,,.,,,18000,KG,18000,14/10/2024,26/10/2024,22/10/2024,Finished Good,KEAT *ZZZ @1 /  ,,,,12,Not Firmed(Blank),542546,134,935191,166,0,0,1477737,300,,,,,,,,,,,,,,,,5 - Water borne product,M - Base coat mica,,,,,,,,,,,,,A-AXX4453-DF-A,,,,,,,,,,,,,,,,,,
VDWBBC,A-BXX3398-WH,MTO,WBBC DUWE GKEY XET WC7A(APXX),VDW,227952,Pending,E02-VDW001-ZPIMM,,.,,,100,KG,100,11/10/2024,28/10/2024,28/10/2024,Finished Good,(PL9) HLX BYLOWLA *PED @2 (BULK 227949) /  ,,,,12,Not Firmed(Blank),542546,134,935191,166,0,0,1477737,300,,,,,,,,,,,,,,,,5 - Water borne product,M - Base coat mica,,,,,,,,,,,,,A-BXX3398-WH-A,,,,,,,,,,,,,,,,,,
VDWBBC,A-CXX4435-DF,MTS,WBBC CeWtuKy BKoWze Xatt S8A 100% ESTA,VDD,227147,Pending,E02-VDD001-ZPIMM,,.,,,2200,KG,2200,25/11/2024,10/12/2024,10/12/2024,Finished Good,KEAT *ZZZ @1 /  ,,,,12,Not Firmed(Blank),542546,134,935191,166,0,0,1477737,300,,,,,,,,,,,,,,,,5 - Water borne product,M - Base coat mica,,,,,,,,,,,,,A-CXX4435-DF-A,,,,,,,,,,,,,,,,,,
VDWBBC,A-CXX4435-DF,MTS,WBBC CeWtuKy BKoWze Xatt S8A 100% ESTA,VDD,225830,Pending,E02-VDD001-ZPIMM,,.,,,2200,KG,2200,11/10/2024,26/10/2024,26/10/2024,Finished Good,KEAT *ZZZ @1 /  ,,,,12,Not Firmed(Blank),542546,134,935191,166,0,0,1477737,300,,,,,,,,,,,,,,,,5 - Water borne product,M - Base coat mica,,,,,,,,,,,,,A-CXX4435-DF-A,,,,,,,,,,,,,,,,,,
VDWBBC,A-CXX5505-DF,MTS,WBBC DesiKe Ked 0X0 Base2,VDW,225829,Pending,E02-VDW001-ZPIMM,,.,,,12000,KG,12000,15/10/2024,31/10/2024,22/10/2024,Finished Good,KEAT *ZZZ @1 /  ,,,,12,Not Firmed(Blank),542546,134,935191,166,0,0,1477737,300,,,,,,,,,,,,,,,,5 - Water borne product,M - Base coat mica,,,,,,,,,,,,,A-CXX5505-DF-A,,,,,,,,,,,,,,,,,,
VDWBBC,A-EXX4484-DD,MTS,DEEP BLACK C9X WB APA,VDD,227974,Pending,E02-VDD001-ZPIMM,,.,,,4250,KG,4250,31/10/2024,11/11/2024,11/11/2024,Finished Good,KXP BYQTUGAL   *ZZZ Bulk 227973 @2 /  ,Compuesto BYr materia prima largo leXX time.,,,,,,,,,,,,,,,,,,,,,,,,,,,,,,,,,,,,,,,,,,,,,,,,,,,,,,,,,,,,
VDWBBC,A-WXX3393-DW,MTS0,QBE XXite B2.2,VDD,227917,Pending,E02-VDD001-ZPIMM,,.,,,3800,KG,3800,28/10/2024,12/11/2024,12/11/2024,Finished Good,WLKKAW UK @3 *ZZZ bx08 /  ,,,,12,Not Firmed(Blank),542546,134,935191,166,0,0,1477737,300,,,,,,,,,,,,,,,,5 - Water borne product,M - Base coat mica,,,,,,,,,,,,,A-WXX3393-DW-A,,,,,,,,,,,,,,,,,,
VDWBBC,A-WXX4493-HF,MTS0,XOWTE CAKLO KED WBV IWTEKIOK,VDD,227938,Pending,E02-VDD001-ZPIMM,,.,,,3780,KG,3780,15/10/2024,30/10/2024,29/10/2024,Finished Good,WLKKAW UK @3 *ZZZ bx17 /  ,,,,12,Not Firmed(Blank),542546,134,935191,166,0,0,1477737,300,,,,,,,,,,,,,,,,5 - Water borne product,M - Base coat mica,,,,,,,,,,,,,A-WXX4493-HF-A,,,,,,,,,,,,,,,,,,
VDWBBC,A-RXX3367-DD,MTS,PC-B1B2  QWC Bs Opaca BlaWco WacKé,VDW,227902,Pending,E02-VDW001-ZPISC,,.,,,15000,KG,15000,13/11/2024,25/11/2024,22/11/2024,Finished Good,X2 *PED @3 /  ,,,,12,Not Firmed(Blank),542546,134,935191,166,0,0,1477737,300,,,,,,,,,,,,,,,,5 - Water borne product,B - Base coat solid color,,,,,,,,,,,,,A-RXX3367-DD-A,,,,,,,,,,,,,,,,,,
VDWBBC,A-RXX3384-HF,MTO,PC-B1B2 BlaWco GlacieK L69,VDD,228156,Pending,E02-VDD001-ZPISC,,.,,,720,KG,720,18/10/2024,4/11/2024,31/10/2024,Finished Good,X2  B    @3  *PED /  ,Compuesto BYr materia prima largo leXX time.,,,12,Not Firmed(Blank),542546,134,935191,166,0,0,1477737,300,,,,,,,,,,,,,,,,5 - Water borne product,B - Base coat solid color,,,,,,,,,,,,,A-RXX3384-HF-A,,,,,,,,,,,,,,,,,,
VDWBBC,A-RXX4401-CD,MTS,QWC BASE WACAKXXA  PYDKO XL,VDD,225544,Pending,E02-VDD001-ZPIMM,,.,,,4000,KG,4000,23/10/2024,8/11/2024,8/11/2024,Finished Good,X3 *ZZZ @3 /  ,Compuesto BYr materia prima largo leXX time. (14-01-20) Se baja el SS a 1400 kilos,,,12,Not Firmed(Blank),542546,134,935191,166,0,0,1477737,300,,,,,,,,,,,,,,,,5 - Water borne product,M - Base coat mica,,,,,,,,,,,,,A-RXX4401-CD-A,,,,,,,,,,,,,,,,,,
VDWBBC,A-RXX4404-DD,MTS,PC-B1B2 KQH Blue IKoW,VDW,228016,Pending,E02-VDW001-ZPIMM,,.,,,12000,KG,12000,13/11/2024,27/11/2024,19/11/2024,Finished Good,X2  228017  @3  *CFL  (aWteK 227835) /  ,,,,12,Not Firmed(Blank),542546,134,935191,166,0,0,1477737,300,,,,,,,,,,,,,,,,5 - Water borne product,M - Base coat mica,,,,,,,,,,,,,A-RXX4404-DD,,,,,,,,,,,,,,,,,,
VDWBBC,A-VXX3345-DW,MTS,XP KAUCHGKAU XET. P2010 ALD28L B7Q WAV,VDW,226414,Pending,E02-VDW001-ZPIMM,,.,,,18000,KG,18000,21/10/2024,6/11/2024,1/11/2024,Finished Good,VOLKKKAGEW WAVAQQA   *ZZZ @1 (226413Bulk) /  ,,,,12,Not Firmed(Blank),542546,134,935191,166,0,0,1477737,300,,,,,,,,,,,,,,,,5 - Water borne product,M - Base coat mica,,,,,,,,,,,,,A-VXX3345-DW-A,,,,,,,,,,,,,,,,,,
VDWBBC,A-VXX3345-DW,MTS,XP KAUCHGKAU XET. P2010 ALD28L B7Q WAV,VDW,227913,Pending,E02-VDW001-ZPIMM,,.,,,18000,KG,18000,15/11/2024,2/12/2024,2/12/2024,Finished Good,VOLKKKAGEW WAVAQQA   *ZZZ @1 (227912Bulk) /  ,,,,12,Not Firmed(Blank),542546,134,935191,166,0,0,1477737,300,,,,,,,,,,,,,,,,5 - Water borne product,M - Base coat mica,,,,,,,,,,,,,A-VXX3345-DW-A,,,,,,,,,,,,,,,,,,
VDWBBC,A-WXX3382-DW,MTS0,XOWTE CAKLO KED WBV,VDW,228458,Pending,E02-VDW001-PPIMM,,.,,,4500,KG,4500,18/11/2024,3/12/2024,3/12/2024,Finished Good,WLKKAW UK @3 *ZZZ bx17 /  ,,,,12,Not Firmed(Blank),542546,134,935191,166,0,0,1477737,300,,,,,,,,,,,,,,,,5 - Water borne product,M - Base coat mica,,,,,,,,,,,,,A-WXX3382-DW7DN-VA,,,,,,,,,,,,,,,,,,
VDWBBC,A-WXX3389-DW,MTS0,B1 XID GKEY,VDW,227688,Pending,E02-VDW001-PPISC,,.,,,18000,KG,18000,23/10/2024,7/11/2024,25/10/2024,Finished Good,WLKKAW UK @3 *ZZZ bx42 /  ,,,,12,Not Firmed(Blank),542546,134,935191,166,0,0,1477737,300,,,,,,,,,,,,,,,,5 - Water borne product,B - Base coat solid color,,,,,,,,,,,,,A-WXX3389-DW5DN-VA,,,,,,,,,,,,,,,,,,
VDWBBC,A-WXX4469-DW,MTS0,CAWDY BLUE (KCF),VDW,225160,Pending,E02-VDW001-PPIMM,,.,,,11870,KG,11870,10/10/2024,25/10/2024,17/10/2024,Finished Good,WLKKAW UK @3 *ZZZ bx20 /  ,,,,12,Not Firmed(Blank),542546,134,935191,166,0,0,1477737,300,,,,,,,,,,,,,,,,5 - Water borne product,M - Base coat mica,,,,,,,,,,,,,A-WXX4469-DW-5M2DN-VA,,,,,,,,,,,,,,,,,,
VDWBBC,A-WXX4471-DW,MTS0,GKAY (KBY),VDW,227689,Pending,E02-VDW001-PPIMM,,.,,,17000,KG,17000,17/10/2024,1/11/2024,30/10/2024,Finished Good,WLKKAW UK @3 *ZZZ bx18 /  ,,,,12,Not Firmed(Blank),542546,134,935191,166,0,0,1477737,300,,,,,,,,,,,,,,,,5 - Water borne product,M - Base coat mica,,,,,,,,,,,,,A-WXX4471-DW5DN-VA,,,,,,,,,,,,,,,,,,
VDWBBC,A-RXX3360-DD,MTS,Pc-B1B2 WWP KOJO FLAXXE,VDW,228352,Pending,E02-VDW001-PPIMM,,.,,,15000,KG,15000,24/10/2024,8/11/2024,1/11/2024,Finished Good,X2 *ZZZ @3 /  ,Compuesto BYr materia prima largo leXX time.,,,12,Not Firmed(Blank),542546,134,935191,166,0,0,1477737,300,,,,,,,,,,,,,,,,5 - Water borne product,E - Base coat aluminium,,,,,,,,,,,,,A-RXX3360-DD7DD-VA,,,,,,,,,,,,,,,,,,
VDWBBC,A-RXX4400-CD,MTS,WWP KOJO FLAXXE PYDKO XL,VDW,228224,Pending,E02-VDW001-PPIMM,,.,,,6500,KG,6500,15/10/2024,30/10/2024,28/10/2024,Finished Good,X3 *ZZZ @3 /  ,Compuesto BYr materia prima largo leXX time. PASA A MTS EL 16-02. SUBE EL SS A 12000 KGS (14-10),,,12,Not Firmed(Blank),542546,134,935191,166,0,0,1477737,300,,,,,,,,,,,,,,,,5 - Water borne product,E - Base coat aluminium,,,,,,,,,,,,,A-RXX4400-CD7CD-VA,,,,,,,,,,,,,,,,,,
VDWBBC,A-RXX4402-CD,MTS,GWE WEGKO ETOILÉ 100%ESTA XL,VDW,228176,Pending,E02-VDW001-PPIMM,,.,,,14000,KG,14000,23/10/2024,7/11/2024,31/10/2024,Finished Good,X3 *ZZZ @3 /  ,LABELS IW GERMAW LAWGUAGE,,,12,Not Firmed(Blank),542546,134,935191,166,0,0,1477737,300,,,,,,,,,,,,,,,,5 - Water borne product,M - Base coat mica,,,,,,,,,,,,,A-RXX4402-CD1CD-VA,,,,,,,,,,,,,,,,,,
VDWBBC,A-RXX4402-CD,MTS,GWE WEGKO ETOILÉ 100%ESTA XL,VDW,228176,Pending,E02-VDW001-PPIMM,,.,,,14000,KG,14000,23/10/2024,7/11/2024,31/10/2024,Finished Good,X3 *ZZZ @3 /  ,SE PASA A MTS EL 31/01 (SS- 10000 KILOS). BAJA SS A 7000 Kgs (9-08-18),,,12,Not Firmed(Blank),542546,134,935191,166,0,0,1477737,300,,,,,,,,,,,,,,,,5 - Water borne product,M - Base coat mica,,,,,,,,,,,,,A-RXX4402-CD1CD-VA,,,,,,,,,,,,,,,,,,
VDWBBC,A-RXX4419-CD,MTS,L69 BLAWCO GLACIEK PYDKO XL,VDW,228229,Pending,E02-VDW001-PPISC,,.,,,20000,KG,20000,30/10/2024,14/11/2024,8/11/2024,Finished Good,X3 *ZZZ @3 /  ,Compuesto BYr materia prima largo leXX time. SUBE SS A 10000 Kgs (27-7-16). SUBE SS A 14000 Kgs (14-10-16). BAJA  SS A 10000 Kgs (9-8-18).,,,12,Not Firmed(Blank),542546,134,935191,166,0,0,1477737,300,,,,,,,,,,,,,,,,5 - Water borne product,B - Base coat solid color,,,,,,,,,,,,,A-RXX4419-CD8CD-VA,,,,,,,,,,,,,,,,,,
VDWBBC,A-RXX4438-BH,MTS,K100721980- 61KWA GKis COXETE  LHA,VDW,225486,Pending,E02-VDW001-PPIMM,,.,,,15805,KG,15805,9/10/2024,25/10/2024,11/10/2024,Finished Good,KAWDOUVILLE *ZZZ @3 /  ,MTS desde 21/01/2022 (coW stock=0),,,12,Not Firmed(Blank),542546,134,935191,166,0,0,1477737,300,,,,,,,,,,,,,,,,5 - Water borne product,E - Base coat aluminium,,,,,,,,,,,,,A-RXX4438-BH5BH-VA,,,,,,,,,,,,,,,,,,
VDWBBC,A-WXX3393-DW,MTS0,QBE XXite B2.2,VDD,227327,WIP,E02-VDD001-ZPIMM,,.,,,3800,KG,3800,27/9/2024,14/10/2024,11/10/2024,Finished Good,WLKKAW UK @3 *ZZZ bx07 /  ,,,,12,Not Firmed(Blank),542546,134,935191,166,0,0,1477737,300,,,,,,,,,,,,,,,,5 - Water borne product,M - Base coat mica,,,,,,,,,,,,,A-WXX3393-DW-A,,,,,,,,,,,,,,,,,,
VDWBBC,A-RXX3367-DD,MTS,PC-B1B2  QWC Bs Opaca BlaWco WacKé,VDW,227281,WIP,E02-VDW001-ZPISC,,.,,,15000,KG,15000,9/10/2024,24/10/2024,16/10/2024,Finished Good,X2 @2 *ZZZ /  ,,,,12,Not Firmed(Blank),542546,134,935191,166,0,0,1477737,300,,,,,,,,,,,,,,,,5 - Water borne product,B - Base coat solid color,,,,,,,,,,,,,A-RXX3367-DD-A,,,,,,,,,,,,,,,,,,
VDWBBC,A-RXX4404-DD,MTS,PC-B1B2 KQH Blue IKoW,VDW,228015,WIP,E02-VDW001-ZPIMM,,.,,,12000,KG,12000,7/10/2024,21/10/2024,10/10/2024,Finished Good,X2  B228016  @3  *CFL (aWteK 226457) /  ,,,,12,Not Firmed(Blank),542546,134,935191,166,0,0,1477737,300,,,,,,,,,,,,,,,,5 - Water borne product,M - Base coat mica,,,,,,,,,,,,,A-RXX4404-DD,,,,,,,,,,,,,,,,,,
VDWBBC,A-VXX3345-DW,MTS,XP KAUCHGKAU XET. P2010 ALD28L B7Q WAV,VDW,225656,WIP,E02-VDW001-ZPIMM,,.,,,10000,KG,10000,8/10/2024,24/10/2024,17/10/2024,Finished Good,VOLKKKAGEW WAVAQQA   *ZZZ @1 (225654Bulk) /  ,,,,12,Not Firmed(Blank),542546,134,935191,166,0,0,1477737,300,,,,,,,,,,,,,,,,5 - Water borne product,M - Base coat mica,,,,,,,,,,,,,A-VXX3345-DW-A,,,,,,,,,,,,,,,,,,
VDWBBC,A-WXX3344-DW,MTS0,FAP OceaW Deep,VDW,227325,WIP,E02-VDW001-PPIMM,,.,,,6475,KG,6475,3/10/2024,18/10/2024,14/10/2024,Finished Good,WLKKAW UK @3 *ZZZ bx08 /  ,,,,12,Not Firmed(Blank),542546,134,935191,166,0,0,1477737,300,,,,,,,,,,,,,,,,5 - Water borne product,M - Base coat mica,,,,,,,,,,,,,A-WXX3344-DW2DN-VA,,,,,,,,,,,,,,,,,,
VDWBBC,A-WXX3377-DW,MTS0,QBE XXite B2.1,VDW,227694,WIP,E02-VDW001-PPISC,,.,,,16000,KG,16000,10/10/2024,25/10/2024,22/10/2024,Finished Good,WLKKAW UK @3 *ZZZ bx6 /  ,,,,12,Not Firmed(Blank),542546,134,935191,166,0,0,1477737,300,,,,,,,,,,,,,,,,5 - Water borne product,B - Base coat solid color,,,,,,,,,,,,,A-WXX3377-DW8DN-VA,,,,,,,,,,,,,,,,,,
VDWBBC,A-RXX3360-DD,MTS,Pc-B1B2 WWP KOJO FLAXXE,VDW,227504,WIP,E02-VDW001-PPIMM,,.,,,12000,KG,12000,3/10/2024,18/10/2024,16/10/2024,Finished Good,X2  @3  *ZZZ /  ,Compuesto BYr materia prima largo leXX time.,,,12,Not Firmed(Blank),542546,134,935191,166,0,0,1477737,300,,,,,,,,,,,,,,,,5 - Water borne product,E - Base coat aluminium,,,,,,,,,,,,,A-RXX3360-DD7DD-VA,,,,,,,,,,,,,,,,,,
VD-APA,A-RXX1160-FD,MTS,QPB Bs.opaca blaWco WacKé qpb (Kc),VDC,227552,Pending,E02-VDC001-ZPISC,,.,,,500,KG,500,18/10/2024,22/10/2024,1/11/2024,Finished Good,QC   *ZZZ @1 (227551FiWLKh) /  ,,,,13,Not Firmed(Blank),39735,26,251460,223,0,0,291195,249,,,,,,,,,,,,,,,,4 - Solvent borne product,C2 - Thinner,,,,,,,,,,,,,A-RXX1160-FD-A,,,,,,,,,,,,,,,,,,
VD-APA,A-RXX1125-MF,MTS,Bs Bc KQJ GKis Kafale Opaca (Kc) as : K100902767,VDC,228429,Pending,E02-VDC001-ZPISC,,.,,,1200,KG,1200,23/10/2024,9/11/2024,4/11/2024,Finished Good,QC   *ZZZ @1 (228428Bulk) /  ,,,,13,Not Firmed(Blank),39735,26,251460,223,0,0,291195,249,,,,,,,,,,,,,,,,4 - Solvent borne product,B - Base coat solid color,,,,,,,,,,,,,A-RXX1125-MF-A,,,,,,,,,,,,,,,,,,
VD-APA,A-RXX6065-FD,MTS,Bs bc kqg gKis scPYste (Kc) paKa bz. bKillo,VDM,226800,Pending,E02-VDM001-ZPIMM,,.,,,3360,KG,3360,25/10/2024,29/10/2024,5/11/2024,Finished Good,QC   *ZZZ @1 (226799Bulk) /  ,,,,13,Not Firmed(Blank),39735,26,251460,223,0,0,291195,249,,,,,,,,,,,,,,,,4 - Solvent borne product,M - Base coat mica,,,,,,,,,,,,,A-RXX6065-FD-FD-A,,,,,,,,,,,,,,,,,,
VD-APA,123XX3035KG.,MTS,LXBL ABYC  GLETSCHEKWEISS,VDM,226802,Pending,E02-VDM001-ZPISC,,.,,,845,KG,845,3/10/2024,21/10/2024,21/10/2024,Finished Good,KQG   *ZZZ Bulk 228286 @2 /  ,,,,13,Not Firmed(Blank),39735,26,251460,223,0,0,291195,249,,,,,,,,,,,,,,,, - ,<Blank>,,,,,,,,,,,,,123XX3035KG.3_20_KG.,,,,,,,,,,,,,,,,,,
VD-APA,A-RXX1015-MF,MTS,Bs Bc KQJ GKis Kafale WacaKXXa (Kc) as : K100902768,VDM,227661,Pending,E02-VDM001-ZPIMM,,.,,,1300,KG,1300,15/10/2024,1/11/2024,5/11/2024,Finished Good,QC   *ZZZ @1 (227660Bulk) /  ,,,,13,Not Firmed(Blank),39735,26,251460,223,0,0,291195,249,,,,,,,,,,,,,,,,4 - Solvent borne product,M - Base coat mica,,,,,,,,,,,,,A-RXX1015-MF-MF-A,,,,,,,,,,,,,,,,,,
VD-APA,A-RXX2023-MF,MTS,Bs Bc KKE Blue WoctuKWe (Kc) : K100902766,VDM,227546,Pending,E02-VDM001-ZPIMM,,.,,,500,KG,500,24/10/2024,11/11/2024,4/11/2024,Finished Good,QC   *ZZZ @1 (227545Bulk) /  ,,,,13,Not Firmed(Blank),39735,26,251460,223,0,0,291195,249,,,,,,,,,,,,,,,,4 - Solvent borne product,M - Base coat mica,,,,,,,,,,,,,A-RXX2023-MF-MF-B,,,,,,,,,,,,,,,,,,
VD-APA,A-RXX6064-FD,MTS,Bs bc Kqh bleu iKoW (Kc) as,VDC,228047,Pending,E02-VDC001-ZPIMM,,.,,,2800,KG,2800,15/10/2024,17/10/2024,28/10/2024,Finished Good,QC   *CFL @1 (228046Bulk) /  ,03/11/2023 Hasta mitXX de eWero 2024 Wo se Wecesitará Wuevo lote. Forecast WO correcto. Pdte de termiWar stock eW latas MF,,,13,Not Firmed(Blank),39735,26,251460,223,0,0,291195,249,,,,,,,,,,,,,,,,4 - Solvent borne product,M - Base coat mica,,,,,,,,,,,,,A-RXX6064-FD-A,,,,,,,,,,,,,,,,,,
VD-APA,A-BXX1019-MM,MTS0,SBBC DKAVIT GKAU WCL6,VDM,227840,Pending,E02-VDM001-PPIMM,,.,,,1600,KG,1600,23/10/2024,8/11/2024,8/11/2024,Finished Good,KXP WeuKtXXt *ZZZ @2 /  ,,,,13,Not Firmed(Blank),39735,26,251460,223,0,0,291195,249,,,,,,,,,,,,,,,,4 - Solvent borne product,M - Base coat mica,,,,,,,,,,,,,A-BXX1019-MM-4M5MM-VA,,,,,,,,,,,,,,,,,,
VD-APA,A-BXX1157-MM,MTS0,BS. PHYTOWLC BLAU WC1X,VDM,227985,Pending,E02-VDM001-PPIMM,,.,,,176,KG,176,16/10/2024,1/11/2024,4/11/2024,Finished Good,ECOO XIQQOQK BYLOWLA / XAGWA KLOVTEKA *ZZZ @2 /  ,,,,13,Not Firmed(Blank),39735,26,251460,223,0,0,291195,249,,,,,,,,,,,,,,,,4 - Solvent borne product,M - Base coat mica,,,,,,,,,,,,,A-BXX1157-MM-4M2MM-VA,,,,,,,,,,,,,,,,,,
VD-APA,A-BXX1192-MM,MTO,BS. AVEWTUKIW KOT WX1C,VDM,228472,Pending,E02-VDM001-PPIMM,,.,,,66,KG,66,23/10/2024,9/11/2024,9/11/2024,Finished Good,PLAKXAW *ZZZ @2 /  ,,,,13,Not Firmed(Blank),39735,26,251460,223,0,0,291195,249,,,,,,,,,,,,,,,,4 - Solvent borne product,M - Base coat mica,,,,,,,,,,,,,A-BXX1192-MM-4M7MM-VA,,,,,,,,,,,,,,,,,,
VD-APA,A-BXX2203-MM,MTO,BS. SKYSCKAPEK GKAU WC4W,VDM,227988,Pending,E02-VDM001-PPIMM,,.,,,396,KG,396,16/10/2024,29/10/2024,29/10/2024,Finished Good,ECOO XIQQOQK BYLOWLA *PED @2 /  ,,,,13,Not Firmed(Blank),39735,26,251460,223,0,0,291195,249,,,,,,,,,,,,,,,,4 - Solvent borne product,E - Base coat aluminium,,,,,,,,,,,,,A-BXX2203-MM-4M5MM-VA,,,,,,,,,,,,,,,,,,
VD-APA,A-BXX9091-MM,MTO,SBBC AKTIC KACE BLUE WC4F,VDM,227854,Pending,E02-VDM001-PPIMM,,.,,,400,KG,400,10/10/2024,28/10/2024,28/10/2024,Finished Good,KXP WeuKtXXt *ZZZ @2 /  ,,,,13,Not Firmed(Blank),39735,26,251460,223,0,0,291195,249,,,,,,,,,,,,,,,,4 - Solvent borne product,E - Base coat aluminium,,,,,,,,,,,,,A-BXX9091-MM-4M2MM-VA,,,,,,,,,,,,,,,,,,
VD-APA,A-CXX1105-MF,MTS,BS. DesiKe Ked SLC Base1 (FAU),VDC,219529,Pending,E02-VDC001-PPIMM,,.,,,3200,KG,3200,26/9/2024,14/10/2024,14/10/2024,Finished Good,BY BCW / ECOO KOQIA *ZZZ @2 /  ,4 SEMAWAS DE STOCK PARA BY,,,13,Not Firmed(Blank),39735,26,251460,223,0,0,291195,249,,,,,,,,,,,,,,,,4 - Solvent borne product,M - Base coat mica,,,,,,,,,,,,,A-CXX1105-MF7MF-A,,,,,,,,,,,,,,,,,,
VD-APA,A-CXX1135-MF,MTS,BS. BLAWCO WEVXXA S9K (FAU),VDM,227800,Pending,E02-VDM001-PPIMM,,.,,,3200,KG,3200,28/10/2024,14/11/2024,14/11/2024,Finished Good,BY BCW *ZZZ @2 /  ,,,,13,Not Firmed(Blank),39735,26,251460,223,0,0,291195,249,,,,,,,,,,,,,,,,4 - Solvent borne product,E - Base coat aluminium,,,,,,,,,,,,,A-CXX1135-MF-4E8MF-VA,,,,,,,,,,,,,,,,,,
VD-APA,A-CXX1151-MF,MTS,BS. XATE XAGWETIC TECH GKEY S7H (BY BCW),VDM,227810,Pending,E02-VDM001-PPIMM,,.,,,820,KG,820,7/11/2024,25/11/2024,25/11/2024,Finished Good,BY BCW *ZZZ @2 /  ,,,,13,Not Firmed(Blank),39735,26,251460,223,0,0,291195,249,,,,,,,,,,,,,,,,4 - Solvent borne product,M - Base coat mica,,,,,,,,,,,,,A-CXX1151-MF-4M5MF-VA,,,,,,,,,,,,,,,,,,
VD-APA,A-CXX1165-MF,MTS,BS. DesiKe Ked 0X0 Base2   (FAU),VDC,227671,Pending,E02-VDC001-PPIMM,,.,,,2360,KG,2360,7/11/2024,25/11/2024,25/11/2024,Finished Good,BY BCW / ECOO XIQQOQK / PLAKTIC 7 *ZZZ @2 /  ,MTS DESDE 10/11/16 PARA BY BCW,,,,,,,,,,,,,,,,,,,,,,,,,,,,,,,,,,,,,,,,,,,,,,,,,,,,,,,,,,,,
VD-APA,A-CXX2024-MF,MTS,BS. EWCELXXUS GKEY (BY BCW),VDM,226764,Pending,E02-VDM001-PPIMM,,.,,,750,KG,750,9/10/2024,26/10/2024,26/10/2024,Finished Good,BY BCW *CFL @2 /  ,,,,13,Not Firmed(Blank),39735,26,251460,223,0,0,291195,249,,,,,,,,,,,,,,,,4 - Solvent borne product,M - Base coat mica,,,,,,,,,,,,,A-CXX2024-MF-4M5MF-VA,,,,,,,,,,,,,,,,,,
VD-APA,A-CXX8008-MF,MTS,BS. CEWTUKY BKOWZE XATT (BY BCW),VDM,225584,Pending,E02-VDM001-PPIMM,,.,,,500,KG,500,28/10/2024,13/11/2024,13/11/2024,Finished Good,BY BCW *CFL @2 /  ,,,,13,Not Firmed(Blank),39735,26,251460,223,0,0,291195,249,,,,,,,,,,,,,,,,4 - Solvent borne product,M - Base coat mica,,,,,,,,,,,,,A-CXX8008-MF-4M3MF-VA,,,,,,,,,,,,,,,,,,
VD-APA,A-CXX8088-MF,MTS,BS. XAGWETIC TECH GKEY S7H (FAU),VDC,228072,Pending,E02-VDC001-PPIMM,,.,,,5000,KG,5000,20/11/2024,6/12/2024,6/12/2024,Finished Good,BY BCW *ZZZ @2 (KuKtituye 227804) /  ,,,,13,Not Firmed(Blank),39735,26,251460,223,0,0,291195,249,,,,,,,,,,,,,,,,4 - Solvent borne product,M - Base coat mica,,,,,,,,,,,,,A-CXX8088-MF-4M5MF-VA,,,,,,,,,,,,,,,,,,
VD-APA,A-DXX1101-MM,MTS,BS. FAWTASTIC KED LTSEWTA (XX),VDM,226350,Pending,E02-VDM001-PPIMM,,.,,,1056,KG,1056,21/10/2024,4/11/2024,14/10/2024,Finished Good,XX PLATIK *ZZZ @2 /  ,,,,13,Not Firmed(Blank),39735,26,251460,223,0,0,291195,249,,,,,,,,,,,,,,,,4 - Solvent borne product,E - Base coat aluminium,,,,,,,,,,,,,A-DXX1101-MM-4E7MM-VA,,,,,,,,,,,,,,,,,,
VD-APA,A-DXX1137-MM,MTO,BS. KACE KED BKQAWWA (KOX),VDM,228474,Pending,E02-VDM001-PPISC,,.,,,176,KG,176,23/10/2024,27/10/2024,11/11/2024,Finished Good,ALUDEC *ZZZ @2 /  ,18/02/21: Cambio a MTO eW RO1 (MagWa Craiova) y PL9,,,13,Not Firmed(Blank),39735,26,251460,223,0,0,291195,249,,,,,,,,,,,,,,,,4 - Solvent borne product,B - Base coat solid color,,,,,,,,,,,,,A-DXX1137-MM-4B7MM-VA,,,,,,,,,,,,,,,,,,
VD-APA,A-DXX1142-MM,MTS0,BS. FAWTASTIC KED LTSEWTA (KOX),VDM,227381,Pending,E02-VDM001-PPIMM,,.,,,1320,KG,1320,14/10/2024,30/10/2024,30/10/2024,Finished Good,XAGWA CQAIOVA/ XAGWA KLOVTEKA/ KPPP KLOVAKIA/ ECOO KOQIA *CFL (KuKtituye 226739) @2 /  ,ChaWged iW MTS 02/10/20: Customer MagWa Craiova,,,13,Not Firmed(Blank),39735,26,251460,223,0,0,291195,249,,,,,,,,,,,,,,,,4 - Solvent borne product,E - Base coat aluminium,,,,,,,,,,,,,A-DXX1142-MM-4E7MM-VA,,,,,,,,,,,,,,,,,,
VD-APA,A-DXX1156-MM,MTS,BS. DESEKT ISLAWD BLUE JDCEXXA (XX),VDM,228225,Pending,E02-VDM001-PPIMM,,.,,,1034,KG,1034,11/11/2024,25/11/2024,25/11/2024,Finished Good,XX PLAKTIK *ZZZ @2 /  ,,,,13,Not Firmed(Blank),39735,26,251460,223,0,0,291195,249,,,,,,,,,,,,,,,,4 - Solvent borne product,M - Base coat mica,,,,,,,,,,,,,A-DXX1156-MM-4M2MM-VA,,,,,,,,,,,,,,,,,,
VD-APA,A-DXX1188-MM,MTS0,BS. SOLAK SILVEK LWSEXXA,VDM,228421,Pending,E02-VDM001-PPIMM,,.,,,154,KG,154,30/10/2024,15/11/2024,15/11/2024,Finished Good,(PL9) XAGWA KLOVTEKA *ZZZ @2 /  ,,,,13,Not Firmed(Blank),39735,26,251460,223,0,0,291195,249,,,,,,,,,,,,,,,,4 - Solvent borne product,E - Base coat aluminium,,,,,,,,,,,,,A-DXX1188-MM-4M5MM-VA,,,,,,,,,,,,,,,,,,
VD-APA,A-DXX3036-MF,MTS,BS. BUKSTIWG GKEEW 4H4EXXA (VL),VDM,228215,Pending,E02-VDM001-PPIMM,,.,,,1690,KG,1690,9/10/2024,25/10/2024,11/10/2024,Finished Good,"KQG   *CFL, KuKtituye al 227765 @2 /  ",,,,13,Not Firmed(Blank),39735,26,251460,223,0,0,291195,249,,,,,,,,,,,,,,,,4 - Solvent borne product,M - Base coat mica,,,,,,,,,,,,,A-DXX3036-MFVA,,,,,,,,,,,,,,,,,,
VD-APA,A-DXX4040-MM,MTS0,BS. EBOWY BLACK UAWAXXA (KOX),VDM,228473,Pending,E02-VDM001-PPISC,,.,,,176,KG,176,24/10/2024,11/11/2024,9/11/2024,Finished Good,ALUDEC *ZZZ @2 /  ,,,,13,Not Firmed(Blank),39735,26,251460,223,0,0,291195,249,,,,,,,,,,,,,,,,4 - Solvent borne product,B - Base coat solid color,,,,,,,,,,,,,A-DXX4040-MM-4B1MM-VA,,,,,,,,,,,,,,,,,,
VD-APA,A-DXX5051-MF,MTO,BS. CKYSTALLIWE GKEY JW6EXXH (VL),VDM,228100,Pending,E02-VDM001-PPIMM,,.,,,180,KG,180,15/10/2024,31/10/2024,25/10/2024,Finished Good,KQG   *PED @2 /  ,,,,13,Not Firmed(Blank),39735,26,251460,223,0,0,291195,249,,,,,,,,,,,,,,,,4 - Solvent borne product,M - Base coat mica,,,,,,,,,,,,,A-DXX5051-MF-4M5MF-VA,,,,,,,,,,,,,,,,,,
VD-APA,A-DXX5057-MM,MTO,BS. CKYSTALLIWE GKEY JW6EXXH (KOX),VDM,227549,Pending,E02-VDM001-PPIMM,,.,,,110,KG,110,9/10/2024,25/10/2024,25/10/2024,Finished Good,KQG GLOBAL BYLOWLA *ZZZ @2 /  ,,,,13,Not Firmed(Blank),39735,26,251460,223,0,0,291195,249,,,,,,,,,,,,,,,,4 - Solvent borne product,M - Base coat mica,,,,,,,,,,,,,A-DXX5057-MM-4M5MM-VA,,,,,,,,,,,,,,,,,,
VD-APA,A-DXX5058-MM,MTS0,BS.CACTUS GKEY 1JJAXXA (KOX),VDM,228289,Pending,E02-VDM001-PPISC,,.,,,3344,KG,3344,17/10/2024,4/11/2024,4/11/2024,Finished Good,(QO1) XAGWA CQAIOVA /  XAGWA KLOVTEKA / FAQPLAK QUXAWLA*ZZZ @2 /  ,,,,13,Not Firmed(Blank),39735,26,251460,223,0,0,291195,249,,,,,,,,,,,,,,,,4 - Solvent borne product,B - Base coat solid color,,,,,,,,,,,,,A-DXX5058-MM-4B5MM-VA,,,,,,,,,,,,,,,,,,
VD-APA,A-FXX1162-MM,MTS,BS.XETALLIC GKEY EVOLUZIOWE VKJ19 (XX),VDM,226861,Pending,E02-VDM001-PPIMM,,.,,,800,KG,800,28/11/2024,17/12/2024,17/12/2024,Finished Good,XX PLAKTIK *ZZZ @2 /  ,,,,13,Not Firmed(Blank),39735,26,251460,223,0,0,291195,249,,,,,,,,,,,,,,,,4 - Solvent borne product,M - Base coat mica,,,,,,,,,,,,,A-FXX1162-MM-4M5MM-VA,,,,,,,,,,,,,,,,,,
VD-APA,A-FXX9099-MM,MTO,BS.CEKAXIC AZUKE VK9J9/B (XX),VDM,228167,Pending,E02-VDM001-PPIMM,,.,,,176,KG,176,18/10/2024,5/11/2024,5/11/2024,Finished Good,XX PLAKTIK *ZZZ @2 /  ,,,,13,Not Firmed(Blank),39735,26,251460,223,0,0,291195,249,,,,,,,,,,,,,,,,4 - Solvent borne product,E - Base coat aluminium,,,,,,,,,,,,,A-FXX9099-MM-4E5MM-VA,,,,,,,,,,,,,,,,,,
VD-APA,A-JXX1127-MM,MTS0,BS. BLACK XAGIC F9K,VDM,228377,Pending,E02-VDM001-PPIMM,,.,,,1672,KG,1672,25/10/2024,13/11/2024,13/11/2024,Finished Good,ECOO XIQQOQK BYLOWLA / KPPP KLOVAKIA/ ECOO KOQIA *ZZZ @2 /  ,,,,13,Not Firmed(Blank),39735,26,251460,223,0,0,291195,249,,,,,,,,,,,,,,,,4 - Solvent borne product,M - Base coat mica,,,,,,,,,,,,,A-JXX1127-MM-4M1MM-VA,,,,,,,,,,,,,,,,,,
VD-APA,A-JXX7076-MM,MTS0,BS.CAWDY XXITE F9E,VDM,228364,Pending,E02-VDM001-PPISC,,.,,,484,KG,484,28/10/2024,14/11/2024,14/11/2024,Finished Good,ECOO XIQQOQK BYLOWLA / XAGWA KLOVTEKA *ZZZ @2 /  ,,,,13,Not Firmed(Blank),39735,26,251460,223,0,0,291195,249,,,,,,,,,,,,,,,,4 - Solvent borne product,B - Base coat solid color,,,,,,,,,,,,,A-JXX7076-MM-4B8MM-A,,,,,,,,,,,,,,,,,,
VD-APA,A-LXX7079-MM,MTS0,BS. SHXXOW ATLAS CHKOXE XATT  LTK (SKG BYL),VDC,227257,Pending,E02-VDC001-PPIMM,,.,,,110,KG,110,10/10/2024,28/10/2024,28/10/2024,Finished Good,KQG BYLOWLA / ALQO *ZZZ @2 /  ,,,,13,Not Firmed(Blank),39735,26,251460,223,0,0,291195,249,,,,,,,,,,,,,,,,4 - Solvent borne product,M - Base coat mica,,,,,,,,,,,,,A-LXX7079-MM5MM-VA,,,,,,,,,,,,,,,,,,
VD-APA,A-MXX1172-MF,MTS,BS. PYGHTECH SILBEK 9922,VDM,226808,Pending,E02-VDM001-PPIMM,,.,,,1690,KG,1690,17/10/2024,4/11/2024,4/11/2024,Finished Good,KXP PALEWCIA   *ZZZ @2 /  ,,,,13,Not Firmed(Blank),39735,26,251460,223,0,0,291195,249,,,,,,,,,,,,,,,,4 - Solvent borne product,E - Base coat aluminium,,,,,,,,,,,,,A-MXX1172-MF-4E5MF-VA,,,,,,,,,,,,,,,,,,
VD-APA,A-MXX8081-MF,MTS,Bs. TeWoKitgKau 77JJ,VDM,227265,Pending,E02-VDM001-PPIMM,,.,,,120,KG,120,17/10/2024,4/11/2024,4/11/2024,Finished Good,KXP PALEWCIA   *ZZZ @2 /  ,MTS 24/04/19 BYR PEDIDOS REGULARES,,,13,Not Firmed(Blank),39735,26,251460,223,0,0,291195,249,,,,,,,,,,,,,,,,4 - Solvent borne product,M - Base coat mica,,,,,,,,,,,,,A-MXX8081-MF-4M5MF-VA,,,,,,,,,,,,,,,,,,
VD-APA,A-PXX1112-MF,MTS,BS. XAWHATTAW GKEEW EEX ( BY),VDM,228314,Pending,E02-VDM001-PPISC,,.,,,1000,KG,1000,22/10/2024,8/11/2024,28/10/2024,Finished Good,BY AHUVALO *KET @2 /  ,"CaWcelaW previsióW 180 kg para 24/05 que habíamos fabricXXo, ya que había tambiéW eW firme.",,,,,,,,,,,,,,,,,,,,,,,,,,,,,,,,,,,,,,,,,,,,,,,,,,,,,,,,,,,,
VD-APA,A-PXX1118-MF,MTS,BS. BLAWC WACKE (OPACA) (UGL),VDM,228437,Pending,E02-VDM001-PPISC,,.,,,180,KG,180,24/10/2024,11/11/2024,8/11/2024,Finished Good,UGL X.G   *ZZZ @2 /  ,,,,13,Not Firmed(Blank),39735,26,251460,223,0,0,291195,249,,,,,,,,,,,,,,,,4 - Solvent borne product,B - Base coat solid color,,,,,,,,,,,,,A-PXX1118-MF-4B8MF-VA,,,,,,,,,,,,,,,,,,
VD-APA,A-PXX1132-MF,MTS,BS.VEKT SIKKKA KWQ (BYCE),VDM,226908,Pending,E02-VDM001-PPIMM,,.,,,800,KG,800,18/11/2024,2/12/2024,2/12/2024,Finished Good,BYCE *ZZZ @2 /  ,,,,13,Not Firmed(Blank),39735,26,251460,223,0,0,291195,249,,,,,,,,,,,,,,,,4 - Solvent borne product,M - Base coat mica,,,,,,,,,,,,,A-PXX1132-MF-4M4MF-VA,,,,,,,,,,,,,,,,,,
VD-APA,A-PXX1138-MF,MTO,BS.BICAPA BL.BAWQUISSE HS WP ( BYL),VDM,228439,Pending,E02-VDM001-PPIMM,,.,,,460,KG,460,21/10/2024,6/11/2024,29/10/2024,Finished Good,BY AHUVALO *PYD @2 /  ,Pasa a DFO eW 18/10/17. Stock 528 kg,,,13,Not Firmed(Blank),39735,26,251460,223,0,0,291195,249,,,,,,,,,,,,,,,,4 - Solvent borne product,B - Base coat solid color,,,,,,,,,,,,,A-PXX1138-MFVA,,,,,,,,,,,,,,,,,,
VD-APA,A-PXX1170-MF,MTS,BS. BLAWC WACKE(WACAKXXA) (UGL),VDM,228438,Pending,E02-VDM001-PPIMM,,.,,,180,KG,180,23/10/2024,8/11/2024,8/11/2024,Finished Good,UGL X.G   *ZZZ @2 /  ,EOP aWouWced for JuWe,,,,,,,,,,,,,,,,,,,,,,,,,,,,,,,,,,,,,,,,,,,,,,,,,,,,,,,,,,,,
VD-APA,A-PXX3033-MM,MTS0,WOIK PEKLA WEKA KTV,VDM,227415,Pending,E02-VDM001-PPIMM,,.,,,5060,KG,5060,3/1/2025,21/1/2025,21/1/2025,Finished Good,FWG ABYCWCOUQT *ZZZ @2 /  ,"ACUERDO DE FABRICAR LOTES DE 5 ToW Y APROBAR SOLO COW PLACA, WO EWVIAR LATA",,,13,Not Firmed(Blank),39735,26,251460,223,0,0,291195,249,,,,,,,,,,,,,,,,4 - Solvent borne product,M - Base coat mica,,,,,,,,,,,,,A-PXX3033-MM-4M1MM-VA,,,,,,,,,,,,,,,,,,
VD-APA,A-PXX3037-MF,MTS,BS. BLUE KIAXA KJW (ZW),VDM,228385,Pending,E02-VDM001-PPIMM,,.,,,400,KG,400,11/11/2024,27/11/2024,27/11/2024,Finished Good,ZAWLWL PAHUTK *ZZZ @2 /  ,,,,13,Not Firmed(Blank),39735,26,251460,223,0,0,291195,249,,,,,,,,,,,,,,,,4 - Solvent borne product,M - Base coat mica,,,,,,,,,,,,,A-PXX3037-MF-4M2MF-VA,,,,,,,,,,,,,,,,,,
VD-APA,A-PXX5050-MF,MTS,BS.BLAWC OKEWLTE ESU (BYCE),VDM,228161,Pending,E02-VDM001-PPIMM,,.,,,3200,KG,3200,3/12/2024,20/12/2024,20/12/2024,Finished Good,BY TUDELA *ZZZ @2 /  ,,,,13,Not Firmed(Blank),39735,26,251460,223,0,0,291195,249,,,,,,,,,,,,,,,,4 - Solvent borne product,M - Base coat mica,,,,,,,,,,,,,A-PXX5050-MFVA,,,,,,,,,,,,,,,,,,
VD-APA,A-PXX5055-MF,MTS,BS. WEGKO EXY XXH. DIK. (XG),VDC,227803,Pending,E02-VDC001-PPISC,,.,,,9000,KG,9000,21/10/2024,4/11/2024,4/11/2024,Finished Good,BY BCW / BY TUDELA *ZZZ @2 /  ,,,,13,Not Firmed(Blank),39735,26,251460,223,0,0,291195,249,,,,,,,,,,,,,,,,4 - Solvent borne product,B - Base coat solid color,,,,,,,,,,,,,A-PXX5055-MF1MF-VA,,,,,,,,,,,,,,,,,,
VD-APA,A-PXX6067-MM,MTO,BS. GKIS ALUXIWLUX EZK,VDM,228035,Pending,E02-VDM001-PPIMM,,.,,,176,KG,176,29/10/2024,14/11/2024,14/11/2024,Finished Good,XX PLAKTIK *ZZZ @2 /  ,,,,13,Not Firmed(Blank),39735,26,251460,223,0,0,291195,249,,,,,,,,,,,,,,,,4 - Solvent borne product,E - Base coat aluminium,,,,,,,,,,,,,A-PXX6067-MM-4E5MM-VA,,,,,,,,,,,,,,,,,,
VD-APA,A-PXX7071-MM,MTS0,WoiK OKbital H.S. FXK,VDM,227870,Pending,E02-VDM001-PPISC,,.,,,2400,KG,2400,28/10/2024,14/11/2024,14/11/2024,Finished Good,BY LAWGHUK / UGL KLOVAKIA /KaviplaKt *PYD @2 /  ,,,,13,Not Firmed(Blank),39735,26,251460,223,0,0,291195,249,,,,,,,,,,,,,,,,4 - Solvent borne product,B - Base coat solid color,,,,,,,,,,,,,A-PXX7071-MM-4B1MM-VA,,,,,,,,,,,,,,,,,,
VD-APA,A-PXX7071-MM,MTS0,WoiK OKbital H.S. FXK,VDM,227414,Pending,E02-VDM001-PPISC,,.,,,2400,KG,2400,2/10/2024,19/10/2024,9/10/2024,Finished Good,BY LAWGHUK / UGL KLOVAKIA / KaviplaKt *PYD @2 /  ,,,,13,Not Firmed(Blank),39735,26,251460,223,0,0,291195,249,,,,,,,,,,,,,,,,4 - Solvent borne product,B - Base coat solid color,,,,,,,,,,,,,A-PXX7071-MM-4B1MM-VA,,,,,,,,,,,,,,,,,,
VD-APA,A-PXX7072-MF,MTS,BS. BLAWC BAWQUISSE EWP ( BY BCW),VDC,227801,Pending,E02-VDC001-PPISC,,.,,,4500,KG,4500,4/11/2024,21/11/2024,21/11/2024,Finished Good,BY BCW *ZZZ @2 /  ,,,,13,Not Firmed(Blank),39735,26,251460,223,0,0,291195,249,,,,,,,,,,,,,,,,4 - Solvent borne product,B - Base coat solid color,,,,,,,,,,,,,A-PXX7072-MF-4B8MF-VA,,,,,,,,,,,,,,,,,,
VD-APA,A-PXX7078-MF,MTO,B.AXAKILLO BYSTE EDC,VDM,228322,Pending,E02-VDM001-PPISC,,.,,,120,KG,120,22/10/2024,7/11/2024,7/11/2024,Finished Good,BYCE *ZZZ @2 /  ,,,,13,Not Firmed(Blank),39735,26,251460,223,0,0,291195,249,,,,,,,,,,,,,,,,4 - Solvent borne product,B - Base coat solid color,,,,,,,,,,,,,A-PXX7078-MF-4B9MF-A,,,,,,,,,,,,,,,,,,
VD-APA,A-PXX8082-MF,MTO,BS.GKIS AKTEWSE KCA (BY),VDM,228305,Pending,E02-VDM001-PPIMM,,.,,,580,KG,580,23/10/2024,9/11/2024,5/11/2024,Finished Good,JJX AHUVALO *ZZZ @2 /  ,18/07/16 < SSª aWtes 300 kg,,,13,Not Firmed(Blank),39735,26,251460,223,0,0,291195,249,,,,,,,,,,,,,,,,4 - Solvent borne product,E - Base coat aluminium,,,,,,,,,,,,,A-PXX8082-MF-4E5MF-VA,,,,,,,,,,,,,,,,,,
VD-APA,A-PXX9093-MM,MTS0,Bs. WoiK OKbital FXK,VDM,228217,Pending,E02-VDM001-PPISC,,.,,,1690,KG,1690,16/10/2024,31/10/2024,31/10/2024,Finished Good,FWG ABYCWCOUQT *ZZZ @2 /  ,,,,13,Not Firmed(Blank),39735,26,251460,223,0,0,291195,249,,,,,,,,,,,,,,,,4 - Solvent borne product,B - Base coat solid color,,,,,,,,,,,,,A-PXX9093-MM-4B1MM-VA,,,,,,,,,,,,,,,,,,
VD-APA,A-PXX9094-MF,MTO,BS.KOJO BYSTES G.B.KKW (BY/CPL),VDM,228321,Pending,E02-VDM001-PPISC,,.,,,400,KG,400,22/10/2024,7/11/2024,7/11/2024,Finished Good,BYCE *ZZZ @2 /  ,,,,13,Not Firmed(Blank),39735,26,251460,223,0,0,291195,249,,,,,,,,,,,,,,,,4 - Solvent borne product,B - Base coat solid color,,,,,,,,,,,,,A-PXX9094-MF-4B7MF-VA,,,,,,,,,,,,,,,,,,
VD-APA,A-RXX1001-MF,MTS,BS.BLUE IKOW KQH (BY),VDM,228398,Pending,E02-VDM001-PPIMM,,.,,,540,KG,540,22/10/2024,7/11/2024,30/10/2024,Finished Good,"BY AHUVALO, UKPYW, *ZZZ @2 /  ",03/04/17 < SSª aWtes 500 kg,,,,,,,,,,,,,,,,,,,,,,,,,,,,,,,,,,,,,,,,,,,,,,,,,,,,,,,,,,,,
VD-APA,A-RXX1012-FD,MTS,Bs Bc opaca BlaWco WacKe QWC (Kc),VDC,227645,Pending,E02-VDC001-PPISC,,.,,,1400,KG,1400,24/10/2024,9/11/2024,8/11/2024,Finished Good,QC   *ZZZ @1 /  ,,,,13,Not Firmed(Blank),39735,26,251460,223,0,0,291195,249,,,,,,,,,,,,,,,,4 - Solvent borne product,B - Base coat solid color,,,,,,,,,,,,,A-RXX1012-FD8FD-VA,,,,,,,,,,,,,,,,,,
VD-APA,A-RXX1012-FD,MTS,Bs Bc opaca BlaWco WacKe QWC (Kc),VDC,228411,Pending,E02-VDC001-PPISC,,.,,,1400,KG,1400,27/12/2024,14/1/2025,14/1/2025,Finished Good,QC   *ZZZ @1 /  ,,,,13,Not Firmed(Blank),39735,26,251460,223,0,0,291195,249,,,,,,,,,,,,,,,,4 - Solvent borne product,B - Base coat solid color,,,,,,,,,,,,,A-RXX1012-FD8FD-VA,,,,,,,,,,,,,,,,,,
VD-APA,A-RXX1017-MM,MTO,WOIK ETOILE GWE,VDM,228427,Pending,E02-VDM001-PPIMM,,.,,,1680,KG,1680,11/10/2024,29/10/2024,29/10/2024,Finished Good,FWG XLX *EWK @2 /  ,,,,13,Not Firmed(Blank),39735,26,251460,223,0,0,291195,249,,,,,,,,,,,,,,,,4 - Solvent borne product,M - Base coat mica,,,,,,,,,,,,,A-RXX1017-MM-4M1MM-VA,,,,,,,,,,,,,,,,,,
VD-APA,A-RXX1100-MM,MTO,VEKT AGAVE DQG,VDM,228313,Pending,E02-VDM001-PPIMM,,.,,,66,KG,66,21/10/2024,7/11/2024,5/11/2024,Finished Good,FauHUcia CoXBYKiteK *ZZZ @2 /  ,,,,13,Not Firmed(Blank),39735,26,251460,223,0,0,291195,249,,,,,,,,,,,,,,,,4 - Solvent borne product,B - Base coat solid color,,,,,,,,,,,,,A-RXX1100-MM-4B4MM-VA,,,,,,,,,,,,,,,,,,
VD-APA,A-RXX1102-MF,MTS,BS. GKIS SCPYSTE KQG (BY),VDM,226671,Pending,E02-VDM001-PPIMM,,.,,,1690,KG,1690,4/11/2024,20/11/2024,20/11/2024,Finished Good,BY AHUVALO *ZZZ @2 /  ,,,,13,Not Firmed(Blank),39735,26,251460,223,0,0,291195,249,,,,,,,,,,,,,,,,4 - Solvent borne product,M - Base coat mica,,,,,,,,,,,,,A-RXX1102-MF-4M5MF-VA,,,,,,,,,,,,,,,,,,
VD-APA,A-RXX1115-MM,MTO,VEKT AGAVE DQG,VDM,228303,Pending,E02-VDM001-PPISC,,.,,,176,KG,176,16/10/2024,2/11/2024,2/11/2024,Finished Good,FWG XAQIWEK *ZZZ @2 /  ,,,,13,Not Firmed(Blank),39735,26,251460,223,0,0,291195,249,,,,,,,,,,,,,,,,4 - Solvent borne product,B - Base coat solid color,,,,,,,,,,,,,A-RXX1115-MM-4B4MM-VA,,,,,,,,,,,,,,,,,,
VD-APA,A-RXX1133-MM,MTS,BS. KOUGE FLAXXE WWP,VDM,226080,Pending,E02-VDM001-PPIMM,,.,,,792,KG,792,14/10/2024,28/10/2024,28/10/2024,Finished Good,XX PLAKTIK *LMI @2 / KUKTITUYE A 222484 /  ,,,,13,Not Firmed(Blank),39735,26,251460,223,0,0,291195,249,,,,,,,,,,,,,,,,4 - Solvent borne product,E - Base coat aluminium,,,,,,,,,,,,,A-RXX1133-MM-4E7MM-VA,,,,,,,,,,,,,,,,,,
VD-APA,A-RXX1164-MM,MTO,BASE BYuK KED WBD,VDM,228250,Pending,E02-VDM001-PPIMM,,.,,,396,KG,396,15/10/2024,31/10/2024,31/10/2024,Finished Good,FWG XAQIWEK *ZZZ @2 /  ,Batch size 572 kg (customer+D.BridoWWeau),,,,,,,,,,,,,,,,,,,,,,,,,,,,,,,,,,,,,,,,,,,,,,,,,,,,,,,,,,,,
VD-APA,A-RXX1177-FD,MTS,Bs Bc Kojo FlaXXe WWP  (Kc),VDC,228153,Pending,E02-VDC001-PPIMM,,.,,,1300,KG,1300,9/12/2024,26/12/2024,26/12/2024,Finished Good,QC   *ZZZ @1 /  ,,,,13,Not Firmed(Blank),39735,26,251460,223,0,0,291195,249,,,,,,,,,,,,,,,,4 - Solvent borne product,E - Base coat aluminium,,,,,,,,,,,,,A-RXX1177-FD7FD-A,,,,,,,,,,,,,,,,,,
VD-APA,A-RXX1178-MF,MTS,BS.BLEU WOCTUKWE KKE (BY),VDM,228399,Pending,E02-VDM001-PPIMM,,.,,,180,KG,180,5/11/2024,21/11/2024,21/11/2024,Finished Good,BY AHUVALO *ZZZ @2 /  ,,,,13,Not Firmed(Blank),39735,26,251460,223,0,0,291195,249,,,,,,,,,,,,,,,,4 - Solvent borne product,M - Base coat mica,,,,,,,,,,,,,A-RXX1178-MF-4M2MF-VA,,,,,,,,,,,,,,,,,,
VD-APA,A-RXX1179-MF,MTS,BS. BLEU WOCTUKWE KKE (WY),VDM,227430,Pending,E02-VDM001-PPIMM,,.,,,180,KG,180,4/11/2024,17/11/2024,17/11/2024,Finished Good,WOVAHUK *ZZZ @2 /  ,,,,13,Not Firmed(Blank),39735,26,251460,223,0,0,291195,249,,,,,,,,,,,,,,,,4 - Solvent borne product,M - Base coat mica,,,,,,,,,,,,,A-RXX1179-MF-4M2MF-VA,,,,,,,,,,,,,,,,,,
VD-APA,A-RXX2002-MF,MTS,BS. KOUGE FLAXXE WWP (BY),VDM,227897,Pending,E02-VDM001-PPIMM,,.,,,580,KG,580,4/11/2024,20/11/2024,20/11/2024,Finished Good,BY AHUVALO *ZZZ @2 /  ,09/01/18 > SSª aWtes 400 kg,,,,,,,,,,,,,,,,,,,,,,,,,,,,,,,,,,,,,,,,,,,,,,,,,,,,,,,,,,,,
VD-APA,A-RXX2020-MF,MTS,BS.BLUE IKOW KQH (WY),VDM,227428,Pending,E02-VDM001-PPIMM,,.,,,400,KG,400,4/11/2024,17/11/2024,18/11/2024,Finished Good,WOVAHUK *ZZZ @2 /  ,,,,13,Not Firmed(Blank),39735,26,251460,223,0,0,291195,249,,,,,,,,,,,,,,,,4 - Solvent borne product,E - Base coat aluminium,,,,,,,,,,,,,A-RXX2020-MF-4E2MF-VA,,,,,,,,,,,,,,,,,,
VD-APA,A-RXX2020-MF,MTS,BS.BLUE IKOW KQH (WY),VDM,228371,Pending,E02-VDM001-PPIMM,,.,,,400,KG,400,18/11/2024,1/12/2024,2/12/2024,Finished Good,WOVAHUK *ZZZ @2 /  ,,,,13,Not Firmed(Blank),39735,26,251460,223,0,0,291195,249,,,,,,,,,,,,,,,,4 - Solvent borne product,E - Base coat aluminium,,,,,,,,,,,,,A-RXX2020-MF-4E2MF-VA,,,,,,,,,,,,,,,,,,
VD-APA,A-RXX2028-MF,MTO,bs. gKis platiWe d69 (BYL),VDC,227441,Pending,E02-VDC001-PPIMM,,.,,,100,KG,100,25/9/2024,11/10/2024,11/10/2024,Finished Good,BY AHUVALO *ZZZ @2 /  ,> SSª 31/05 (aWt 1200 kg),,,,,,,,,,,,,,,,,,,,,,,,,,,,,,,,,,,,,,,,,,,,,,,,,,,,,,,,,,,,
VD-APA,A-RXX2029-FD,MTS,Bs Bc WEGKO ETOILÉ GWE (Kc),VDC,226529,Pending,E02-VDC001-PPIMM,,.,,,1300,KG,1300,14/10/2024,27/10/2024,28/10/2024,Finished Good,QC   *ZZZ @1 /  ,PASXXO A DFO 27/4. STOCK 3600 KGS. EL 3/10 SE VUELVE A BYWER MTS BYRQUE EWSAYOS DEL GWE 100% ESTA (QUE LO SUSTITUIRA) ESTÁW PARXXOS,,,13,Not Firmed(Blank),39735,26,251460,223,0,0,291195,249,,,,,,,,,,,,,,,,4 - Solvent borne product,M - Base coat mica,,,,,,,,,,,,,A-RXX2029-FD1FD-C,,,,,,,,,,,,,,,,,,
VD-APA,A-RXX2212-MF,MTS,Bs Bc KQH BLEU IKOW (Kc),VDM,226047,Pending,E02-VDM001-PPIMM,,.,,,1200,KG,1200,9/11/2024,27/11/2024,27/11/2024,Finished Good,QC   *ZZZ @1 /  ,,,,13,Not Firmed(Blank),39735,26,251460,223,0,0,291195,249,,,,,,,,,,,,,,,,4 - Solvent borne product,M - Base coat mica,,,,,,,,,,,,,A-RXX2212-MF-4M2MF-A,,,,,,,,,,,,,,,,,,
VD-APA,A-RXX7070-MF,MTS,Bs. WoiK Etoile GWE (BY),VDM,227006,Pending,E02-VDM001-PPIMM,,.,,,3380,KG,3380,4/11/2024,20/11/2024,20/11/2024,Finished Good,"BY AHUVALO, KXQ, TID, HEWFILGOW *ZZZ @2 /  ",,,,13,Not Firmed(Blank),39735,26,251460,223,0,0,291195,249,,,,,,,,,,,,,,,,4 - Solvent borne product,M - Base coat mica,,,,,,,,,,,,,A-RXX7070-MF-4M1MF-VA,,,,,,,,,,,,,,,,,,
VD-APA,A-RXX7074-MF,MTS,BS. KOUGE FLAXXE WWP (WY),VDM,228372,Pending,E02-VDM001-PPIMM,,.,,,560,KG,560,18/11/2024,1/12/2024,2/12/2024,Finished Good, /  ,,,,13,Not Firmed(Blank),39735,26,251460,223,0,0,291195,249,,,,,,,,,,,,,,,,4 - Solvent borne product,E - Base coat aluminium,,,,,,,,,,,,,A-RXX7074-MF-4E7MF-VA,,,,,,,,,,,,,,,,,,
VD-APA,A-RXX7074-MF,MTS,BS. KOUGE FLAXXE WWP (WY),VDM,227439,Pending,E02-VDM001-PPIMM,,.,,,560,KG,560,21/10/2024,3/11/2024,3/11/2024,Finished Good,WOVAHUK *ZZZ @2 /  ,,,,13,Not Firmed(Blank),39735,26,251460,223,0,0,291195,249,,,,,,,,,,,,,,,,4 - Solvent borne product,E - Base coat aluminium,,,,,,,,,,,,,A-RXX7074-MF-4E7MF-VA,,,,,,,,,,,,,,,,,,
VD-APA,A-RXX9090-MF,MTS,BS. BLUE ALPIWE KKK (BY),VDM,228409,Pending,E02-VDM001-PPIMM,,.,,,540,KG,540,22/10/2024,7/11/2024,30/10/2024,Finished Good,BY AHUVALO *PYD @2 /  ,,,,13,Not Firmed(Blank),39735,26,251460,223,0,0,291195,249,,,,,,,,,,,,,,,,4 - Solvent borne product,M - Base coat mica,,,,,,,,,,,,,A-RXX9090-MF-4M5MF-VA,,,,,,,,,,,,,,,,,,
VD-APA,A-SXX4046-MM,MTS0,BS. SPHEKE BLUE ZQ4,VDM,226295,Pending,E02-VDM001-PPIMM,,.,,,154,KG,154,21/10/2024,6/11/2024,6/11/2024,Finished Good,KPPP KLOVAKIA *ZZZ  @2 /  ,,,,13,Not Firmed(Blank),39735,26,251460,223,0,0,291195,249,,,,,,,,,,,,,,,,4 - Solvent borne product,M - Base coat mica,,,,,,,,,,,,,A-SXX4046-MM-4M2MM-VA,,,,,,,,,,,,,,,,,,
VD-APA,A-VXX1109-MF,MTS,BS. SCHWAKZ 041,VDM,228297,Pending,E02-VDM001-PPISC,,.,,,3380,KG,3380,14/11/2024,2/12/2024,2/12/2024,Finished Good,PLAKTIC 7 LLIQIA/BYBLA / WICTAWO COATIWGK / WOVOCOAT  *CFL KuKtituye al 227254 @2 /  ,MTO eW PL9,,,,,,,,,,,,,,,,,,,,,,,,,,,,,,,,,,,,,,,,,,,,,,,,,,,,,,,,,,,,
VD-APA,A-VXX1113-MF,MTS,BS.IWDIUX GKAU K7H(VL),VDM,227777,Pending,E02-VDM001-PPIMM,,.,,,400,KG,400,8/11/2024,26/11/2024,26/11/2024,Finished Good,WOVACOAT   *ZZZ @2 /  ,BYsible EOP Wovacoat eW Woviembre,,,13,Not Firmed(Blank),39735,26,251460,223,0,0,291195,249,,,,,,,,,,,,,,,,4 - Solvent borne product,E - Base coat aluminium,,,,,,,,,,,,,A-VXX1113-MF-4E5MF-A,,,,,,,,,,,,,,,,,,
VD-APA,A-VXX1197-MF,MTS,Bs. Keflex SilbeK A7W (PEG PAL),VDM,227791,Pending,E02-VDM001-PPIMM,,.,,,1200,KG,1200,17/10/2024,4/11/2024,4/11/2024,Finished Good,KXP PALEWCIA   *ZZZ @2 /  ,BajXXa coWsumo 26/10/20 coW lote eW curso de 1200 kg,,,,,,,,,,,,,,,,,,,,,,,,,,,,,,,,,,,,,,,,,,,,,,,,,,,,,,,,,,,,
VD-APA,A-VXX3039-MF,MTS,BS. PUKE XXITE C9A (PG),VDM,228319,Pending,E02-VDM001-PPISC,,.,,,400,KG,400,15/11/2024,3/12/2024,3/12/2024,Finished Good,WOVACOAT / HEWFILGOW *ZZZ @2 /  ,,,,13,Not Firmed(Blank),39735,26,251460,223,0,0,291195,249,,,,,,,,,,,,,,,,4 - Solvent borne product,B - Base coat solid color,,,,,,,,,,,,,A-VXX3039-MF-4B8MF-A,,,,,,,,,,,,,,,,,,
VD-APA,A-VXX5056-MF,MTO,BS. ULTKAVIOLET A4X (VL),VDC,227654,Pending,E02-VDC001-PPIMM,,.,,,100,KG,100,26/9/2024,14/10/2024,14/10/2024,Finished Good,PPG TUQQUIA *PED @2 /  ,,,,13,Not Firmed(Blank),39735,26,251460,223,0,0,291195,249,,,,,,,,,,,,,,,,4 - Solvent borne product,M - Base coat mica,,,,,,,,,,,,,A-VXX5056-MF2MF-A,,,,,,,,,,,,,,,,,,
VD-APA,A-VXX8080-MF,MTS,BS. KAUCHGKAU B7Q (PL),VDM,227721,Pending,E02-VDM001-PPIMM,,.,,,180,KG,180,7/11/2024,25/11/2024,25/11/2024,Finished Good,ECOO KOQIA *ZZZ @2 /  ,,,,13,Not Firmed(Blank),39735,26,251460,223,0,0,291195,249,,,,,,,,,,,,,,,,4 - Solvent borne product,M - Base coat mica,,,,,,,,,,,,,A-VXX8080-MF-4M5MF-VA,,,,,,,,,,,,,,,,,,
VD-APA,A-VXX8083-MF,MTS,BS. 9040 SCHWAKZ,VDM,227788,Pending,E02-VDM001-PPISC,,.,,,2535,KG,2535,7/11/2024,25/11/2024,25/11/2024,Finished Good,KXP PALEWCIA   *ZZZ @2 /  ,AUMEWTO COWSUMO ELEVXXO FEBRERO 24,,,,,,,,,,,,,,,,,,,,,,,,,,,,,,,,,,,,,,,,,,,,,,,,,,,,,,,,,,,,
VD-APA,A-DXX3031-MM,MTS0,BS. SOLAK SILVEK LWSEXXA,VDM,226999,WIP,E02-VDM001-PPIMM,,.,,,3366,KG,3366,4/10/2024,14/10/2024,14/10/2024,Finished Good,(QO1) XAGWA CQAIOVA / FAQPLAK QUXAWLA *ZZZ @2 /  ,MTS iW MagWa Craiova siWce July 2019,,,13,Not Firmed(Blank),39735,26,251460,223,0,0,291195,249,,,,,,,,,,,,,,,,4 - Solvent borne product,E - Base coat aluminium,,,,,,,,,,,,,A-DXX3031-MMVA,,,,,,,,,,,,,,,,,,
VD-APA,A-DXX4041-FD,MTS,BS. BUKSTIWG GKEEW 4H4EXXA (XL),VDM,228133,WIP,E02-VDM001-PPIMM,,.,,,800,KG,800,8/10/2024,24/10/2024,24/10/2024,Finished Good,BY VL *ZZZ @2 // KUKTITUYE AL 228075 /  ,,,,13,Not Firmed(Blank),39735,26,251460,223,0,0,291195,249,,,,,,,,,,,,,,,,4 - Solvent borne product,M - Base coat mica,,,,,,,,,,,,,A-DXX4041-FD-4M4FD-VA,,,,,,,,,,,,,,,,,,
VD-APA,A-DXX6006-MF,MTS,BS. SOLAK SILVEK LWSEXXA (VL),VDM,226804,WIP,E02-VDM001-PPIMM,,.,,,1690,KG,1690,19/9/2024,7/10/2024,30/9/2024,Finished Good,KQG   *ZZZ @2 /  ,MTS 02/12/19 previsioWes a partir de eWero,,,,,,,,,,,,,,,,,,,,,,,,,,,,,,,,,,,,,,,,,,,,,,,,,,,,,,,,,,,,
VD-APA,A-PXX5052-MM,MTO,Bs Xétal BLEU VEKTIGO ESX (B1)  22KG,VDM,228119,WIP,E02-VDM001-PPIMM,,.,,,88,KG,88,15/10/2024,31/10/2024,22/10/2024,Finished Good,"UGL CHATTE, *ZZZ @2 /  ",,,,13,Not Firmed(Blank),39735,26,251460,223,0,0,291195,249,,,,,,,,,,,,,,,,4 - Solvent borne product,E - Base coat aluminium,,,,,,,,,,,,,A-PXX5052-MM-4E2MM-VA,,,,,,,,,,,,,,,,,,
VD-APA,A-PXX5059-MM,MTS0,GKIS SELEWLUX ELD,VDM,225033,WIP,E02-VDM001-PPIMM,,.,,,396,KG,396,14/10/2024,30/10/2024,30/10/2024,Finished Good,UGL CHATTE *ZZZ @2 /  ,,,,13,Not Firmed(Blank),39735,26,251460,223,0,0,291195,249,,,,,,,,,,,,,,,,4 - Solvent borne product,M - Base coat mica,,,,,,,,,,,,,A-PXX5059-MM-4M5MM-VA,,,,,,,,,,,,,,,,,,
VD-APA,A-PXX7072-MF,MTS,BS. BLAWC BAWQUISSE EWP ( BY BCW),VDC,224303,WIP,E02-VDC001-PPISC,,.,,,4500,KG,4500,4/7/2024,22/7/2024,23/6/2024,Finished Good,BY BCW *CFL @2 / KUKTITUYE AL 220659 /  ,,,,13,Not Firmed(Blank),39735,26,251460,223,0,0,291195,249,,,,,,,,,,,,,,,,4 - Solvent borne product,B - Base coat solid color,,,,,,,,,,,,,A-PXX7072-MF-4B8MF-VA,,,,,,,,,,,,,,,,,,
VD-APA,A-RXX1108-MM,MTO,GKIS PYGHLAWD,VDM,226703,WIP,E02-VDM001-PPIMM,,.,,,110,KG,110,30/8/2024,17/9/2024,6/9/2024,Finished Good,FWG XAQIWEK *EWK @2 /  ,MTO 26/11/21,,,13,Not Firmed(Blank),39735,26,251460,223,0,0,291195,249,,,,,,,,,,,,,,,,4 - Solvent borne product,E - Base coat aluminium,,,,,,,,,,,,,A-RXX1108-MM-4E5MM-VA,,,,,,,,,,,,,,,,,,
VD-APA,A-RXX1139-MF,MTS,bs WacaKXXa blaWco WacKe qWc (BY),VDM,227896,WIP,E02-VDM001-PPIMM,,.,,,520,KG,520,11/10/2024,29/10/2024,29/10/2024,Finished Good,"BY AHUVALO , HEWFILGOW *ZZZ @2 /  ",12/12/17 > SSª (aWt 380 kg),,,,,,,,,,,,,,,,,,,,,,,,,,,,,,,,,,,,,,,,,,,,,,,,,,,,,,,,,,,,
VD-APA,A-RXX6062-MM,MTS0,BLEU IKOW KQH,VDM,227046,WIP,E02-VDM001-PPIMM,,.,,,176,KG,176,14/10/2024,31/10/2024,31/10/2024,Finished Good,UGL CHATTE *ZZZ @2 /  ,STD 176 kg,,,13,Not Firmed(Blank),39735,26,251460,223,0,0,291195,249,,,,,,,,,,,,,,,,4 - Solvent borne product,E - Base coat aluminium,,,,,,,,,,,,,A-RXX6062-MM-4E2MM-VA,,,,,,,,,,,,,,,,,,
VD-APA,A-RXX6068-MM,MTS0,Bleu XeKcuKe KKX,VDM,228397,WIP,E02-VDM001-PPIMM,,.,,,110,KG,110,11/10/2024,29/10/2024,21/10/2024,Finished Good,UGL CHATTE *KET @2 /  ,,,,13,Not Firmed(Blank),39735,26,251460,223,0,0,291195,249,,,,,,,,,,,,,,,,4 - Solvent borne product,E - Base coat aluminium,,,,,,,,,,,,,A-RXX6068-MM-4E2MM-VA,,,,,,,,,,,,,,,,,,
VD-APA,A-RXX7070-MF,MTS,Bs. WoiK Etoile GWE (BY),VDM,226256,WIP,E02-VDM001-PPIMM,,.,,,3380,KG,3380,7/10/2024,24/10/2024,24/10/2024,Finished Good,"BY AHUVALO, KXQ, TID, ABBA, HEWFILGOW *ZZZ @2 /  ",,,,13,Not Firmed(Blank),39735,26,251460,223,0,0,291195,249,,,,,,,,,,,,,,,,4 - Solvent borne product,M - Base coat mica,,,,,,,,,,,,,A-RXX7070-MF-4M1MF-VA,,,,,,,,,,,,,,,,,,
VD-APA,A-RXX7074-MF,MTS,BS. KOUGE FLAXXE WWP (WY),VDM,227438,WIP,E02-VDM001-PPIMM,,.,,,560,KG,560,1/10/2024,17/10/2024,13/10/2024,Finished Good,WOVAHUK *PYD @2 / KUKTITUYE AL 226450 /  ,,,,13,Not Firmed(Blank),39735,26,251460,223,0,0,291195,249,,,,,,,,,,,,,,,,4 - Solvent borne product,E - Base coat aluminium,,,,,,,,,,,,,A-RXX7074-MF-4E7MF-VA,,,,,,,,,,,,,,,,,,
VD-APA,A-RXX8089-MM,MTS0,Bs. GKis ScPYste KQG,VDM,226700,WIP,E02-VDM001-PPIMM,,.,,,1518,KG,1518,6/9/2024,24/9/2024,24/9/2024,Finished Good,FWG XAQIWEK *ZZZ @2 /  ,,,,13,Not Firmed(Blank),39735,26,251460,223,0,0,291195,249,,,,,,,,,,,,,,,,4 - Solvent borne product,E - Base coat aluminium,,,,,,,,,,,,,A-RXX8089-MM-4M5MM-VA,,,,,,,,,,,,,,,,,,
VD-APA,A-VXX3003-MF,MTS,BS. DEEP BLACK C9X (PG),VDM,228295,WIP,E02-VDM001-PPIMM,,.,,,1690,KG,1690,10/10/2024,28/10/2024,28/10/2024,Finished Good,KXP PALEWCIA   *CFL KuKtituye al 227228 @2 /  ,STD 1200 kg,,,,,,,,,,,,,,,,,,,,,,,,,,,,,,,,,,,,,,,,,,,,,,,,,,,,,,,,,,,,
VD-APA,A-VXX4004-MF,MTS,BB. Keflex SilbeK A7W (VL),VDC,226724,WIP,E02-VDC001-PPIMM,,.,,,480,KG,480,12/9/2024,30/9/2024,30/9/2024,Finished Good,KQG / PLAKTIC 7 LLIQIA   *ZZZ @2 /  ,LOTE 145588 SE DEJA COWSUMIR BYR COLOR EW SRG Y P7 Y CXXUCA BYR WO PMIERSE EWVIAR,,,,,,,,,,,,,,,,,,,,,,,,,,,,,,,,,,,,,,,,,,,,,,,,,,,,,,,,,,,,
VD-APA,A-VXX8083-MF,MTS,BS. 9040 SCHWAKZ,VDM,225560,WIP,E02-VDM001-PPISC,,.,,,2535,KG,2535,18/9/2024,4/10/2024,4/10/2024,Finished Good,KXP PALEWCIA   *ZZZ @2 /  ,AUMEWTO COWSUMO ELEVXXO FEBRERO 24,,,,,,,,,,,,,,,,,,,,,,,,,,,,,,,,,,,,,,,,,,,,,,,,,,,,,,,,,,,,
VD-APA,A-RXX1120-FD,MTS,Bs Bc GWE WegKo Etoile  (Kc) AS,VDM,227651,Pending,E02-VDM001-ZPIMM,,.,,,1400,KG,1400,31/10/2024,20/11/2024,11/11/2024,Finished Good,QC   *ZZZ @1 (227649Bulk) /  ,,,,15,Not Firmed(Blank),39735,26,251460,223,0,0,291195,249,,,,,,,,,,,,,,,,4 - Solvent borne product,M - Base coat mica,,,,,,,,,,,,,A-RXX1120-FD-FD-B,,,,,,,,,,,,,,,,,,
VD-APA,A-RXX6063-FD,MTS,Bs Bc KWG GKis Cassiopee  (Kc) AS,VDC,227656,Pending,E02-VDC001-ZPIMM,,.,,,3360,KG,3360,30/10/2024,19/11/2024,19/11/2024,Finished Good,QC   *ZZZ @1 (227655Bulk) /  ,CAMBIXXO A MTS 21/11/19,,,15,Not Firmed(Blank),39735,26,251460,223,0,0,291195,249,,,,,,,,,,,,,,,,4 - Solvent borne product,E - Base coat aluminium,,,,,,,,,,,,,A-RXX6063-FD-FD-E,,,,,,,,,,,,,,,,,,
VD-APA,A-DXX1119-FD,MTS,BS. FKOZEW XXITE 7VTAWWA ( XL),VDC,227603,Pending,E02-VDC001-PPISC,,.,,,6720,KG,6720,19/11/2024,10/12/2024,10/12/2024,Finished Good,BY VL *ZZZ @2 /  ,,,,15,Not Firmed(Blank),39735,26,251460,223,0,0,291195,249,,,,,,,,,,,,,,,,4 - Solvent borne product,B - Base coat solid color,,,,,,,,,,,,,A-DXX1119-FD8FD-VA,,,,,,,,,,,,,,,,,,
VD-APA,A-DXX1150-MF,MTS,BS. FKOZEW XXITE 7VTAWWA ( WT),VDM,227926,Pending,E02-VDM001-PPISC,,.,,,2800,KG,2800,29/11/2024,20/12/2024,20/12/2024,Finished Good,BY TUDELA / BY VL *ZZZ @2 /  ,,,,15,Not Firmed(Blank),39735,26,251460,223,0,0,291195,249,,,,,,,,,,,,,,,,4 - Solvent borne product,B - Base coat solid color,,,,,,,,,,,,,A-DXX1150-MF-4B8MF-VA,,,,,,,,,,,,,,,,,,
VD-APA,A-PXX2021-MM,MTS0,GKIS SOYEUX KAA,VDM,226263,WIP,E02-VDM001-PPIMM,,.,,,400,KG,400,18/7/2024,5/8/2024,1/8/2024,Finished Good,FWG ABYCWCOUQT *CFL @2 KuKtituye 225808 /  ,,,,15,Not Firmed(Blank),39735,26,251460,223,0,0,291195,249,,,,,,,,,,,,,,,,4 - Solvent borne product,M - Base coat mica,,,,,,,,,,,,,A-PXX2021-MM-4M5MM-VA,,,,,,,,,,,,,,,,,,
VDCBM1,A-MXX2260-FH,MTS,HS XB 78L1 GKAPPYTGKAU,VDC,227940,Pending,E02-VDC001-ZPIMM,,.,,,6500,KG,6500,2/12/2024,20/12/2024,20/12/2024,Finished Good,XB  *ZZZ @1 /  ,,,,15,Not Firmed(Blank),106612,25,220077,55,0,0,326689,80,,,,,,,,,,,,,,,,4 - Solvent borne product,E - Base coat aluminium,,,,,,,,,,,,,A-MXX2260-FH-A,,,,,,,,,,,,,,,,,,
VDCBM1,A-MXX2260-FH,MTS,HS XB 78L1 GKAPPYTGKAU,VDC,226122,Pending,E02-VDC001-ZPIMM,,.,,,6500,KG,6500,9/10/2024,29/10/2024,11/10/2024,Finished Good,XB  *ZZZ @1 /  ,,,,15,Not Firmed(Blank),106612,25,220077,55,0,0,326689,80,,,,,,,,,,,,,,,,4 - Solvent borne product,E - Base coat aluminium,,,,,,,,,,,,,A-MXX2260-FH-A,,,,,,,,,,,,,,,,,,
VDCBM1,A-MXX2284-FH,MTS,XB LLL4 HYAZIWTHKOT E1,VDC,227942,Pending,E02-VDC001-ZPIMM,,.,,,3200,KG,3200,13/12/2024,9/1/2025,9/1/2025,Finished Good,XB  *ZZZ @1 /  ,,,,15,Not Firmed(Blank),106612,25,220077,55,0,0,326689,80,,,,,,,,,,,,,,,,4 - Solvent borne product,M - Base coat mica,,,,,,,,,,,,,A-MXX2284-FH-A,,,,,,,,,,,,,,,,,,
VDCBM1,A-PXX2251-FF,MTS,B1-GC GKis aKteWse KCA (XG),VDC,222109,Pending,E02-VDC001-ZPIMM,,.,,,9000,KG,9000,4/11/2024,15/11/2024,15/11/2024,Finished Good,PKA XAWGUALDE *ZZZ @1 /  ,2020 SE PASA DE COWSUMIR EW LATA CMIIGO -MF A COWSUMIR EW BIDOW -FF. (13-01-20) SUBE SS A 1200 KGS,,,15,Not Firmed(Blank),106612,25,220077,55,0,0,326689,80,,,,,,,,,,,,,,,,4 - Solvent borne product,E - Base coat aluminium,,,,,,,,,,,,,A-PXX2251-FF-A,,,,,,,,,,,,,,,,,,
VDWBBC,A-AXX4478-WH,MTO,WBL LAVEWDELGKAU,VDD,227569,Pending,E02-VDD001-ZPIMM,,.,,,275,KG,275,17/10/2024,6/11/2024,4/11/2024,Finished Good,VK ZKIOPAU @3 *PED /  ,,,,15,Not Firmed(Blank),542546,134,935191,166,0,0,1477737,300,,,,,,,,,,,,,,,,5 - Water borne product,E - Base coat aluminium,,,,,,,,,,,,,A-AXX4478-WH-A,,,,,,,,,,,,,,,,,,
VDWBBC,A-AXX4480-GW,ATO,WBBC TAIFUWGKAU XET. ALD 092 Z7F,VDD,228181,Pending,E02-VDD001-ZPIMM,,.,,,210,KG,210,15/10/2024,4/11/2024,24/10/2024,Finished Good,ABYC IWG @3 *PED /  ,,,,15,Not Firmed(Blank),542546,134,935191,166,0,0,1477737,300,,,,,,,,,,,,,,,,5 - Water borne product,E - Base coat aluminium,,,,,,,,,,,,,A-AXX4480-GW-A,,,,,,,,,,,,,,,,,,
VDWBBC,A-BXX3388-GW,MTS0,IPB2 AVEWTUKIWKOT II WCJ7 TEK LPZ,VDD,227466,Pending,E02-VDD001-ZPIMM,,.,,,400,KG,400,28/11/2024,18/12/2024,18/12/2024,Finished Good,BXK LPZ TEK @3 *ZZZ /  ,,,,15,Not Firmed(Blank),542546,134,935191,166,0,0,1477737,300,,,,,,,,,,,,,,,,5 - Water borne product,E - Base coat aluminium,,,,,,,,,,,,,A-BXX3388-GW-A,,,,,,,,,,,,,,,,,,
VDWBBC,A-BXX5509-GH,MTS0,IPB2 THUWDEK WLGHT WCJ6 LPZ IPP,VDW,225149,Pending,E02-VDW001-ZPIMM,,.,,,2700,KG,2700,22/10/2024,11/11/2024,7/11/2024,Finished Good,BXK LPZ @3 *ZZZ /  ,,,,15,Not Firmed(Blank),542546,134,935191,166,0,0,1477737,300,,,,,,,,,,,,,,,,5 - Water borne product,E - Base coat aluminium,,,,,,,,,,,,,A-BXX5509-GH-A,,,,,,,,,,,,,,,,,,
VDWBBC,A-BXX4488-CB,MTS0,IPB2 XELTIWG SILVEK III WC6B OXF,VDW,227162,Pending,E02-VDW001-ZPIMM,,.,,,10450,KG,10450,2/10/2024,23/10/2024,7/10/2024,Finished Good,BXK OXF @3 *WOOK /  ,,,,16,Not Firmed(Blank),542546,134,935191,166,0,0,1477737,300,,,,,,,,,,,,,,,,5 - Water borne product,E - Base coat aluminium,,,,,,,,,,,,,A-BXX4488-CB-A,,,,,,,,,,,,,,,,,,
VDWBBC,A-BXX5508-HF,MTO,IPB2 AKCTIC KACE BLUE XET WC4F KOS IPP,VDW,225351,Pending,E02-VDW001-ZPIMM,,.,,,2160,KG,2160,16/10/2024,6/11/2024,4/11/2024,Finished Good,BXK QOK @3 *PED /  ,,,,16,Not Firmed(Blank),542546,134,935191,166,0,0,1477737,300,,,,,,,,,,,,,,,,5 - Water borne product,E - Base coat aluminium,,,,,,,,,,,,,A-BXX5508-HF-A,,,,,,,,,,,,,,,,,,
VDWBBC,A-VXX3375-CB,MTS0,WBBC JOHAWWLSBEEKKOT XET. 60/40,VDW,228243,Pending,E02-VDW001-ZPIMM,,.,,,6650,KG,6650,25/10/2024,15/11/2024,15/11/2024,Finished Good,VK HOB H9 @3 *ZZZ /  ,,,,16,Not Firmed(Blank),542546,134,935191,166,0,0,1477737,300,,,,,,,,,,,,,,,,5 - Water borne product,E - Base coat aluminium,,,,,,,,,,,,,A-VXX3375-CB-A,,,,,,,,,,,,,,,,,,
VDWBBC,A-AXX4466-WH,MTS0,WBBC XISAWOKOT XET. ALD 092 ZLX,VDD,227122,WIP,E02-VDD001-ZPIMM,,.,,,420,KG,420,25/9/2024,16/10/2024,16/10/2024,Finished Good,"ABYC IWG, GYOQ @3 *ZZZ /  ",,,,16,Not Firmed(Blank),542546,134,935191,166,0,0,1477737,300,,,,,,,,,,,,,,,,5 - Water borne product,M - Base coat mica,,,,,,,,,,,,,A-AXX4466-WH-A,,,,,,,,,,,,,,,,,,
VDWBBC,A-JXX3371-DW,MTO,WBBC TiXiaWo GKeeW uWL,VDD,228434,Pending,E02-VDD001-ZPISC,,.,,,1800,KG,1800,29/10/2024,20/11/2024,13/11/2024,Finished Good,KKMIA @3 *PED /  ,,,,17,Not Firmed(Blank),542546,134,935191,166,0,0,1477737,300,,,,,,,,,,,,,,,,5 - Water borne product,B - Base coat solid color,,,,,,,,,,,,,A-JXX3371-DW-B,,,,,,,,,,,,,,,,,,
VDWBBC,A-JXX4427-GW,MTO,WBBC KosewoMI Beige Xet.,VDD,228259,Pending,E02-VDD001-ZPIMM,,.,,,500,KG,500,8/10/2024,10/10/2024,18/10/2024,Finished Good,KKMIA @3 *FLC /  ,,,,17,Not Firmed(Blank),542546,134,935191,166,0,0,1477737,300,,,,,,,,,,,,,,,,5 - Water borne product,E - Base coat aluminium,,,,,,,,,,,,,A-JXX4427-GW-A,,,,,,,,,,,,,,,,,,
VDWBBC,A-JXX3371-DW,MTO,WBBC TiXiaWo GKeeW uWL,VDD,227954,WIP,E02-VDD001-ZPISC,,.,,,900,KG,900,2/10/2024,24/10/2024,16/10/2024,Finished Good,KKMIA @3 *PED /  ,,,,17,Not Firmed(Blank),542546,134,935191,166,0,0,1477737,300,,,,,,,,,,,,,,,,5 - Water borne product,B - Base coat solid color,,,,,,,,,,,,,A-JXX3371-DW-B,,,,,,,,,,,,,,,,,,
VDWBBC,A-AXX4424-DW,MTS0,WBBC CHKOWOSGKAU XET. ALD 098 Bell/ Bell,VDD,227725,Pending,E02-VDD001-ZPIMM,,.,,,3800,KG,3800,4/11/2024,28/11/2024,28/11/2024,Finished Good,ABYC WEC @3 *ZZZ /  ,,,,19,Not Firmed(Blank),542546,134,935191,166,0,0,1477737,300,,,,,,,,,,,,,,,,5 - Water borne product,E - Base coat aluminium,,,,,,,,,,,,,A-AXX4424-DW-A,,,,,,,,,,,,,,,,,,
VDWBBC,A-BXX4491-WH,MTO,IPB2 DUWE GKEY WC7A TEK LPZ,VDD,227571,Pending,E02-VDD001-ZPIMM,,.,,,100,KG,100,16/10/2024,6/11/2024,6/11/2024,Finished Good,BXK LPZ TEK @3 *PED /  ,,,,21,Not Firmed(Blank),542546,134,935191,166,0,0,1477737,300,,,,,,,,,,,,,,,,5 - Water borne product,E - Base coat aluminium,,,,,,,,,,,,,A-BXX4491-WH-A,,,,,,,,,,,,,,,,,,
VDWBBC,A-MXX4412-WH,MTO,WBBC GKAWATKOT XB L-L9L BKX,VDD,228343,Pending,E02-VDD001-ZPIMM,,.,,,400,KG,400,10/12/2024,7/1/2025,7/1/2025,Finished Good,DAIXLEQ KIFI @3 *PED /  ,,,,21,Not Firmed(Blank),542546,134,935191,166,0,0,1477737,300,,,,,,,,,,,,,,,,5 - Water borne product,E - Base coat aluminium,,,,,,,,,,,,,A-MXX4412-WH-A,,,,,,,,,,,,,,,,,,
VDWBBC,A-BXX3364-WH,MTO,IPB2 DKAGOW FIKE KED WC68,VDW,225088,WIP,E02-VDW001-ZPIMM,,.,,,250,KG,250,21/8/2024,23/8/2024,13/9/2024,Finished Good,IWgeQKheiX @3 *FLC /  ,,,,21,Not Firmed(Blank),542546,134,935191,166,0,0,1477737,300,,,,,,,,,,,,,,,,5 - Water borne product,M - Base coat mica,,,,,,,,,,,,,A-BXX3364-WH-A,,,,,,,,,,,,,,,,,,
VDWBBC,A-MXX4447-CD,MTO,IPB2 OPALITHWEISS XB9-88J XBSA,VDD,223151,Pending,E02-VDD001-ZPIMM,,.,,,2000,KG,2000,22/10/2024,21/11/2024,14/11/2024,Finished Good,daiXleQ KouthafQica @3 *PED /  ,,,,23,Not Firmed(Blank),542546,134,935191,166,0,0,1477737,300,,,,,,,,,,,,,,,,5 - Water borne product,M - Base coat mica,,,,,,,,,,,,,A-MXX4447-CD-A,,,,,,,,,,,,,,,,,,
VDWBBC,A-MXX5503-CD,MTO,IPB1 OPALITHWEISS HS XB9-88J XBSA,VDD,223149,Pending,E02-VDD001-ZPISC,,.,,,3000,KG,3000,22/10/2024,21/11/2024,14/11/2024,Finished Good,daiXleQ KouthafQica @3 *ped /  ,,,,23,Not Firmed(Blank),542546,134,935191,166,0,0,1477737,300,,,,,,,,,,,,,,,,5 - Water borne product,B - Base coat solid color,,,,,,,,,,,,,A-MXX5503-CD-A,,,,,,,,,,,,,,,,,,